,Mean_X,Intensity_Raw,Mean_Xt,Mean_BG_X,Intensity_Corrected,Mean_BG_Xt,Mean_DoG_X,Mean_DoG_Xm,Mean_DoG_Xt,Mean_DoG_BG_X,Mean_DoG_BG_Xm,Mean_DoG_BG_Xt,Frame
0,256.8889,256.8889,256.8889,31.5889,31.5889,31.5889,7.4848,7.4848,7.4848,5.6755,5.6755,5.6755,0
1,252.6667,252.6667,252.6667,22.8667,22.8667,22.8667,6.4778,6.4778,6.4778,4.0015,4.0015,4.0015,1
2,263.1111,263.1111,263.1111,36.3111,36.3111,36.3111,8.8915,8.8915,8.8915,6.9904,6.9904,6.9904,2
3,268.2222,268.2222,268.2222,49.1722,49.1722,49.1722,8.8843,8.8843,8.8843,7.5001,7.5001,7.5001,3
4,272.0,272.0,272.0,46.15,46.15,46.15,9.501,9.501,9.501,7.0467,7.0467,7.0467,4
5,263.6667,263.6667,263.6667,40.9167,40.9167,40.9167,8.1097,8.1097,8.1097,5.8353,5.8353,5.8353,5
6,255.3333,255.3333,255.3333,29.9833,29.9833,29.9833,5.9305,5.9305,5.9305,3.4432,3.4432,3.4432,6
7,267.1111,267.1111,267.1111,37.4611,37.4611,37.4611,9.0566,9.0566,9.0566,5.8121,5.8121,5.8121,7
8,266.4444,266.4444,266.4444,41.3444,41.3444,41.3444,7.8108,7.8108,7.8108,5.4971,5.4971,5.4971,8
9,271.0,271.0,271.0,38.4,38.4,38.4,8.9685,8.9685,8.9685,5.9124,5.9124,5.9124,9
10,253.7778,253.7778,253.7778,17.9278,17.9278,17.9278,6.0892,6.0892,6.0892,2.7807,2.7807,2.7807,10
11,281.5556,281.5556,281.5556,49.9556,49.9556,49.9556,11.781,11.781,11.781,8.4434,8.4434,8.4434,11
12,270.4444,270.4444,270.4444,43.5944,43.5944,43.5944,9.4674,9.4674,9.4674,6.9074,6.9074,6.9074,12
13,272.7778,272.7778,272.7778,41.8278,41.8278,41.8278,9.9057,9.9057,9.9057,6.7321,6.7321,6.7321,13
14,253.2222,253.2222,253.2222,33.9722,33.9722,33.9722,7.5022,7.5022,7.5022,5.2408,5.2408,5.2408,14
15,265.0,265.0,265.0,38.4,38.4,38.4,9.4006,9.4006,9.4006,6.0446,6.0446,6.0446,15
16,266.4444,266.4444,266.4444,46.5444,46.5444,46.5444,9.6638,9.6638,9.6638,8.0467,8.0467,8.0467,16
17,257.6667,257.6667,257.6667,30.0167,30.0167,30.0167,7.5071,7.5071,7.5071,4.5053,4.5053,4.5053,17
18,262.5556,262.5556,262.5556,35.0056,35.0056,35.0056,8.0207,8.0207,8.0207,4.7951,4.7951,4.7951,18
19,250.7778,250.7778,250.7778,26.9778,26.9778,26.9778,6.4686,6.4686,6.4686,3.7669,3.7669,3.7669,19
20,255.2222,255.2222,255.2222,32.6722,32.6722,32.6722,8.6862,8.6862,8.6862,6.1169,6.1169,6.1169,20
21,255.3333,255.3333,255.3333,28.2333,28.2333,28.2333,6.7042,6.7042,6.7042,3.2867,3.2867,3.2867,21
22,248.3333,248.3333,248.3333,26.1833,26.1833,26.1833,7.1294,7.1294,7.1294,4.0639,4.0639,4.0639,22
23,248.8889,248.8889,248.8889,29.6389,29.6389,29.6389,5.9261,5.9261,5.9261,3.6583,3.6583,3.6583,23
24,251.3333,251.3333,251.3333,27.0333,27.0333,27.0333,6.908,6.908,6.908,3.8561,3.8561,3.8561,24
25,253.4444,253.4444,253.4444,26.1944,26.1944,26.1944,7.2472,7.2472,7.2472,4.5698,4.5698,4.5698,25
26,257.0,257.0,257.0,31.7,31.7,31.7,7.9927,7.9927,7.9927,5.3911,5.3911,5.3911,26
27,244.2222,244.2222,244.2222,30.0222,30.0222,30.0222,6.1702,6.1702,6.1702,4.1976,4.1976,4.1976,27
28,254.5556,254.5556,254.5556,34.4056,34.4056,34.4056,7.1293,7.1293,7.1293,4.0244,4.0244,4.0244,28
29,253.3333,253.3333,253.3333,26.7333,26.7333,26.7333,7.2912,7.2912,7.2912,3.8614,3.8614,3.8614,29
30,259.4444,259.4444,259.4444,35.1444,35.1444,35.1444,8.5904,8.5904,8.5904,5.7815,5.7815,5.7815,30
31,247.8889,247.8889,247.8889,38.6889,38.6889,38.6889,6.3823,6.3823,6.3823,5.2563,5.2563,5.2563,31
32,261.2222,261.2222,261.2222,24.8222,24.8222,24.8222,7.084,7.084,7.084,2.7836,2.7836,2.7836,32
33,258.5556,258.5556,258.5556,27.0556,27.0556,27.0556,6.6484,6.6484,6.6484,2.9125,2.9125,2.9125,33
34,263.0,263.0,263.0,34.1,34.1,34.1,7.9995,7.9995,7.9995,4.1903,4.1903,4.1903,34
35,270.4444,270.4444,270.4444,37.1944,37.1944,37.1944,9.9867,9.9867,9.9867,5.9906,5.9906,5.9906,35
36,271.5556,271.5556,271.5556,38.3056,38.3056,38.3056,10.0934,10.0934,10.0934,6.5813,6.5813,6.5813,36
37,268.1111,268.1111,268.1111,32.8111,32.8111,32.8111,9.5142,9.5142,9.5142,5.7633,5.7633,5.7633,37
38,262.0,262.0,262.0,38.35,38.35,38.35,7.8366,7.8366,7.8366,5.0606,5.0606,5.0606,38
39,255.5556,255.5556,255.5556,29.3056,29.3056,29.3056,6.6895,6.6895,6.6895,3.3904,3.3904,3.3904,39
40,259.7778,259.7778,259.7778,26.7278,26.7278,26.7278,7.3782,7.3782,7.3782,3.3845,3.3845,3.3845,40
41,253.6667,253.6667,253.6667,23.6167,23.6167,23.6167,6.2312,6.2312,6.2312,2.6122,2.6122,2.6122,41
42,267.3333,267.3333,267.3333,32.7333,32.7333,32.7333,10.2032,10.2032,10.2032,6.2388,6.2388,6.2388,42
43,265.3333,265.3333,265.3333,26.7333,26.7333,26.7333,8.5344,8.5344,8.5344,4.4242,4.4242,4.4242,43
44,277.6667,277.6667,277.6667,57.4667,57.4667,57.4667,12.0174,12.0174,12.0174,9.5274,9.5274,9.5274,44
45,262.4444,262.4444,262.4444,28.9444,28.9444,28.9444,8.5911,8.5911,8.5911,4.0877,4.0877,4.0877,45
46,273.7778,273.7778,273.7778,43.3778,43.3778,43.3778,11.427,11.427,11.427,7.2052,7.2052,7.2052,46
47,267.2222,267.2222,267.2222,43.8222,43.8222,43.8222,8.7404,8.7404,8.7404,5.6071,5.6071,5.6071,47
48,265.3333,265.3333,265.3333,31.1333,31.1333,31.1333,7.7905,7.7905,7.7905,3.8736,3.8736,3.8736,48
49,257.0,257.0,257.0,35.4,35.4,35.4,7.1544,7.1544,7.1544,4.9497,4.9497,4.9497,49
50,250.4444,250.4444,250.4444,26.4444,26.4444,26.4444,5.0122,5.0122,5.0122,2.8092,2.8092,2.8092,50
51,246.4444,246.4444,246.4444,25.9444,25.9444,25.9444,6.0251,6.0251,6.0251,4.2067,4.2067,4.2067,51
52,250.6667,250.6667,250.6667,25.4667,25.4667,25.4667,5.4734,5.4734,5.4734,2.4976,2.4976,2.4976,52
53,264.3333,264.3333,264.3333,47.0333,47.0333,47.0333,9.0202,9.0202,9.0202,6.5839,6.5839,6.5839,53
54,248.1111,248.1111,248.1111,20.6611,20.6611,20.6611,5.4446,5.4446,5.4446,2.2173,2.2173,2.2173,54
55,251.4444,251.4444,251.4444,29.2944,29.2944,29.2944,6.2169,6.2169,6.2169,3.4221,3.4221,3.4221,55
56,256.1111,256.1111,256.1111,27.2611,27.2611,27.2611,6.5208,6.5208,6.5208,3.4969,3.4969,3.4969,56
57,241.2222,241.2222,241.2222,10.4722,10.4722,10.4722,4.143,4.143,4.143,0.4748,0.4748,0.4748,57
58,238.6667,238.6667,238.6667,18.2667,18.2667,18.2667,3.2395,3.2395,3.2395,1.3239,1.3239,1.3239,58
59,232.1111,232.1111,232.1111,6.1611,6.1611,6.1611,1.8162,1.8162,1.8162,-0.9166,-0.9166,-0.9166,59
60,250.1111,250.1111,250.1111,28.1611,28.1611,28.1611,5.0909,5.0909,5.0909,2.6938,2.6938,2.6938,60
61,242.7778,242.7778,242.7778,25.0278,25.0278,25.0278,4.0829,4.0829,4.0829,1.5383,1.5383,1.5383,61
62,238.2222,238.2222,238.2222,17.0722,17.0722,17.0722,4.4035,4.4035,4.4035,2.3027,2.3027,2.3027,62
63,237.7778,237.7778,237.7778,14.8278,14.8278,14.8278,3.0007,3.0007,3.0007,0.4523,0.4523,0.4523,63
64,232.8889,232.8889,232.8889,10.1389,10.1389,10.1389,1.629,1.629,1.629,-0.3691,-0.3691,-0.3691,64
65,241.0,241.0,241.0,14.95,14.95,14.95,3.6961,3.6961,3.6961,1.0214,1.0214,1.0214,65
66,238.1111,238.1111,238.1111,16.8611,16.8611,16.8611,3.4789,3.4789,3.4789,1.0809,1.0809,1.0809,66
67,245.0,245.0,245.0,29.8,29.8,29.8,5.7039,5.7039,5.7039,4.0962,4.0962,4.0962,67
68,233.3333,233.3333,233.3333,9.3833,9.3833,9.3833,2.9271,2.9271,2.9271,0.1909,0.1909,0.1909,68
69,249.2222,249.2222,249.2222,22.4722,22.4722,22.4722,6.3996,6.3996,6.3996,3.5529,3.5529,3.5529,69
70,254.0,254.0,254.0,29.6,29.6,29.6,6.2335,6.2335,6.2335,3.2361,3.2361,3.2361,70
71,235.0,235.0,235.0,11.35,11.35,11.35,4.072,4.072,4.072,1.4589,1.4589,1.4589,71
72,244.1111,244.1111,244.1111,30.7111,30.7111,30.7111,5.5878,5.5878,5.5878,4.1575,4.1575,4.1575,72
73,232.1111,232.1111,232.1111,10.9611,10.9611,10.9611,2.9731,2.9731,2.9731,0.4483,0.4483,0.4483,73
74,237.3333,237.3333,237.3333,20.0333,20.0333,20.0333,3.8841,3.8841,3.8841,1.852,1.852,1.852,74
75,243.1111,243.1111,243.1111,25.6611,25.6611,25.6611,4.4514,4.4514,4.4514,2.5175,2.5175,2.5175,75
76,237.8889,237.8889,237.8889,20.2389,20.2389,20.2389,3.5659,3.5659,3.5659,1.4984,1.4984,1.4984,76
77,242.5556,242.5556,242.5556,27.5056,27.5056,27.5056,4.4773,4.4773,4.4773,3.1267,3.1267,3.1267,77
78,229.4444,229.4444,229.4444,12.1444,12.1444,12.1444,2.5727,2.5727,2.5727,0.037,0.037,0.037,78
79,234.3333,234.3333,234.3333,19.7833,19.7833,19.7833,3.0366,3.0366,3.0366,1.0814,1.0814,1.0814,79
80,225.6667,225.6667,225.6667,6.0167,6.0167,6.0167,2.0917,2.0917,2.0917,-0.7273,-0.7273,-0.7273,80
81,236.4444,236.4444,236.4444,22.0444,22.0444,22.0444,3.734,3.734,3.734,1.452,1.452,1.452,81
82,232.0,232.0,232.0,17.5,17.5,17.5,3.5854,3.5854,3.5854,1.5913,1.5913,1.5913,82
83,242.8889,242.8889,242.8889,23.7389,23.7389,23.7389,4.8491,4.8491,4.8491,1.8476,1.8476,1.8476,83
84,237.7778,237.7778,237.7778,31.0778,31.0778,31.0778,5.0635,5.0635,5.0635,3.223,3.223,3.223,84
85,237.5556,237.5556,237.5556,21.6556,21.6556,21.6556,4.4417,4.4417,4.4417,1.8864,1.8864,1.8864,85
86,254.4444,254.4444,254.4444,40.9444,40.9444,40.9444,6.3108,6.3108,6.3108,4.7547,4.7547,4.7547,86
87,258.8889,258.8889,258.8889,40.0889,40.0889,40.0889,7.8546,7.8546,7.8546,5.1065,5.1065,5.1065,87
88,265.6667,265.6667,265.6667,38.4667,38.4667,38.4667,8.5712,8.5712,8.5712,4.8796,4.8796,4.8796,88
89,243.2222,243.2222,243.2222,17.5722,17.5722,17.5722,5.2002,5.2002,5.2002,2.1054,2.1054,2.1054,89
90,250.1111,250.1111,250.1111,23.9111,23.9111,23.9111,6.3764,6.3764,6.3764,2.5983,2.5983,2.5983,90
91,242.4444,242.4444,242.4444,27.0444,27.0444,27.0444,5.031,5.031,5.031,2.0589,2.0589,2.0589,91
92,236.0,236.0,236.0,13.05,13.05,13.05,3.2706,3.2706,3.2706,-0.5336,-0.5336,-0.5336,92
93,238.8889,238.8889,238.8889,15.1389,15.1389,15.1389,4.2197,4.2197,4.2197,0.912,0.912,0.912,93
94,254.1111,254.1111,254.1111,28.7111,28.7111,28.7111,6.9354,6.9354,6.9354,3.2219,3.2219,3.2219,94
95,237.5556,237.5556,237.5556,13.0056,13.0056,13.0056,4.3005,4.3005,4.3005,0.9826,0.9826,0.9826,95
96,237.0,237.0,237.0,18.15,18.15,18.15,4.23,4.23,4.23,1.0085,1.0085,1.0085,96
97,242.6667,242.6667,242.6667,22.0167,22.0167,22.0167,5.4225,5.4225,5.4225,2.261,2.261,2.261,97
98,260.0,260.0,260.0,38.1,38.1,38.1,8.5387,8.5387,8.5387,5.6959,5.6959,5.6959,98
99,241.6667,241.6667,241.6667,13.8167,13.8167,13.8167,5.6516,5.6516,5.6516,1.238,1.238,1.238,99
100,251.0,251.0,251.0,34.9,34.9,34.9,7.5128,7.5128,7.5128,4.8041,4.8041,4.8041,100
101,258.1111,258.1111,258.1111,35.3611,35.3611,35.3611,8.4317,8.4317,8.4317,5.0745,5.0745,5.0745,101
102,250.5556,250.5556,250.5556,24.6556,24.6556,24.6556,6.9734,6.9734,6.9734,3.2459,3.2459,3.2459,102
103,244.8889,244.8889,244.8889,15.3389,15.3389,15.3389,6.4494,6.4494,6.4494,2.469,2.469,2.469,103
104,247.6667,247.6667,247.6667,13.5167,13.5167,13.5167,5.6729,5.6729,5.6729,0.9215,0.9215,0.9215,104
105,255.5556,255.5556,255.5556,35.1056,35.1056,35.1056,8.791,8.791,8.791,5.4403,5.4403,5.4403,105
106,236.8889,236.8889,236.8889,13.6889,13.6889,13.6889,4.87,4.87,4.87,0.7112,0.7112,0.7112,106
107,237.1111,237.1111,237.1111,23.0111,23.0111,23.0111,4.5743,4.5743,4.5743,1.4757,1.4757,1.4757,107
108,261.8889,261.8889,261.8889,42.3889,42.3889,42.3889,9.6225,9.6225,9.6225,6.0927,6.0927,6.0927,108
109,242.0,242.0,242.0,25.15,25.15,25.15,6.5237,6.5237,6.5237,3.1602,3.1602,3.1602,109
110,237.2222,237.2222,237.2222,18.8722,18.8722,18.8722,4.688,4.688,4.688,1.6984,1.6984,1.6984,110
111,247.0,247.0,247.0,28.3,28.3,28.3,6.8066,6.8066,6.8066,3.665,3.665,3.665,111
112,241.0,241.0,241.0,28.6,28.6,28.6,6.0239,6.0239,6.0239,3.1806,3.1806,3.1806,112
113,246.6667,246.6667,246.6667,29.2667,29.2667,29.2667,7.1295,7.1295,7.1295,3.614,3.614,3.614,113
114,237.0,237.0,237.0,18.35,18.35,18.35,5.4148,5.4148,5.4148,2.0853,2.0853,2.0853,114
115,249.0,249.0,249.0,38.45,38.45,38.45,7.0559,7.0559,7.0559,4.815,4.815,4.815,115
116,239.3333,239.3333,239.3333,16.8333,16.8333,16.8333,6.2861,6.2861,6.2861,2.4327,2.4327,2.4327,116
117,247.7778,247.7778,247.7778,30.7278,30.7278,30.7278,7.6468,7.6468,7.6468,4.5298,4.5298,4.5298,117
118,237.2222,237.2222,237.2222,28.2722,28.2722,28.2722,6.8706,6.8706,6.8706,3.9682,3.9682,3.9682,118
119,234.8889,234.8889,234.8889,24.5389,24.5389,24.5389,5.875,5.875,5.875,3.163,3.163,3.163,119
120,251.4444,251.4444,251.4444,33.4944,33.4944,33.4944,8.1346,8.1346,8.1346,4.9368,4.9368,4.9368,120
121,241.7778,241.7778,241.7778,31.8778,31.8778,31.8778,6.8827,6.8827,6.8827,3.7747,3.7747,3.7747,121
122,226.8889,226.8889,226.8889,13.1889,13.1889,13.1889,4.1299,4.1299,4.1299,0.7586,0.7586,0.7586,122
123,231.3333,231.3333,231.3333,14.0833,14.0833,14.0833,5.3844,5.3844,5.3844,1.8327,1.8327,1.8327,123
124,236.1111,236.1111,236.1111,25.8611,25.8611,25.8611,6.4049,6.4049,6.4049,3.3548,3.3548,3.3548,124
125,234.8889,234.8889,234.8889,22.8389,22.8389,22.8389,6.2208,6.2208,6.2208,3.2701,3.2701,3.2701,125
126,241.8889,241.8889,241.8889,28.7889,28.7889,28.7889,8.6276,8.6276,8.6276,5.1086,5.1086,5.1086,126
127,237.2222,237.2222,237.2222,22.7722,22.7722,22.7722,7.3721,7.3721,7.3721,3.7064,3.7064,3.7064,127
128,235.6667,235.6667,235.6667,24.2667,24.2667,24.2667,5.9811,5.9811,5.9811,3.1434,3.1434,3.1434,128
129,219.4444,219.4444,219.4444,8.1944,8.1944,8.1944,3.8129,3.8129,3.8129,0.6793,0.6793,0.6793,129
130,225.1111,225.1111,225.1111,17.9111,17.9111,17.9111,5.5451,5.5451,5.5451,2.8784,2.8784,2.8784,130
131,229.6667,229.6667,229.6667,18.2167,18.2167,18.2167,4.9192,4.9192,4.9192,2.0156,2.0156,2.0156,131
132,240.4444,240.4444,240.4444,27.5944,27.5944,27.5944,7.6873,7.6873,7.6873,4.1772,4.1772,4.1772,132
133,230.7778,230.7778,230.7778,24.4278,24.4278,24.4278,5.0857,5.0857,5.0857,2.2508,2.2508,2.2508,133
134,227.0,227.0,227.0,13.35,13.35,13.35,4.0612,4.0612,4.0612,0.7426,0.7426,0.7426,134
135,231.4444,231.4444,231.4444,23.1444,23.1444,23.1444,6.1673,6.1673,6.1673,3.4595,3.4595,3.4595,135
136,223.2222,223.2222,223.2222,21.2722,21.2722,21.2722,4.7954,4.7954,4.7954,2.2256,2.2256,2.2256,136
137,213.8889,213.8889,213.8889,16.2889,16.2889,16.2889,3.053,3.053,3.053,0.8782,0.8782,0.8782,137
138,225.1111,225.1111,225.1111,20.3611,20.3611,20.3611,4.6295,4.6295,4.6295,2.6345,2.6345,2.6345,138
139,235.7778,235.7778,235.7778,26.6778,26.6778,26.6778,7.342,7.342,7.342,3.7188,3.7188,3.7188,139
140,206.0,206.0,206.0,13.5,13.5,13.5,2.1672,2.1672,2.1672,0.6866,0.6866,0.6866,140
141,210.6667,210.6667,210.6667,10.1667,10.1667,10.1667,2.7697,2.7697,2.7697,1.0853,1.0853,1.0853,141
142,196.8889,196.8889,196.8889,2.0889,2.0889,2.0889,0.6604,0.6604,0.6604,-0.7899,-0.7899,-0.7899,142
143,207.1111,207.1111,207.1111,11.6111,11.6111,11.6111,2.898,2.898,2.898,1.4287,1.4287,1.4287,143
144,196.8889,196.8889,196.8889,5.6389,5.6389,5.6389,1.4409,1.4409,1.4409,0.3255,0.3255,0.3255,144
145,211.2222,211.2222,211.2222,23.2722,23.2722,23.2722,3.0708,3.0708,3.0708,2.1799,2.1799,2.1799,145
146,220.6667,220.6667,220.6667,26.6667,26.6667,26.6667,4.9664,4.9664,4.9664,3.16,3.16,3.16,146
147,215.4444,215.4444,215.4444,20.2444,20.2444,20.2444,4.4166,4.4166,4.4166,2.6256,2.6256,2.6256,147
148,204.5556,204.5556,204.5556,20.3556,20.3556,20.3556,1.8051,1.8051,1.8051,1.5718,1.5718,1.5718,148
149,197.8889,197.8889,197.8889,0.9889,0.9889,0.9889,0.9892,0.9892,0.9892,-0.5512,-0.5512,-0.5512,149
150,196.1111,196.1111,196.1111,3.5111,3.5111,3.5111,0.9371,0.9371,0.9371,-0.3975,-0.3975,-0.3975,150
151,199.4444,199.4444,199.4444,10.5444,10.5444,10.5444,0.8892,0.8892,0.8892,-0.1677,-0.1677,-0.1677,151
152,198.2222,198.2222,198.2222,8.1722,8.1722,8.1722,0.7739,0.7739,0.7739,-0.0166,-0.0166,-0.0166,152
153,211.8889,211.8889,211.8889,26.1389,26.1389,26.1389,4.0943,4.0943,4.0943,3.2465,3.2465,3.2465,153
154,204.1111,204.1111,204.1111,7.2611,7.2611,7.2611,2.5381,2.5381,2.5381,0.6812,0.6812,0.6812,154
155,199.2222,199.2222,199.2222,12.9222,12.9222,12.9222,1.1863,1.1863,1.1863,0.7507,0.7507,0.7507,155
156,204.8889,204.8889,204.8889,15.6889,15.6889,15.6889,2.9221,2.9221,2.9221,1.6864,1.6864,1.6864,156
157,202.3333,202.3333,202.3333,7.8333,7.8333,7.8333,2.8223,2.8223,2.8223,1.4908,1.4908,1.4908,157
158,203.4444,203.4444,203.4444,18.0444,18.0444,18.0444,1.7924,1.7924,1.7924,1.123,1.123,1.123,158
159,200.2222,200.2222,200.2222,10.5722,10.5722,10.5722,2.8498,2.8498,2.8498,1.5638,1.5638,1.5638,159
160,205.2222,205.2222,205.2222,21.9722,21.9722,21.9722,2.437,2.437,2.437,2.2987,2.2987,2.2987,160
161,204.4444,204.4444,204.4444,16.6944,16.6944,16.6944,3.2349,3.2349,3.2349,2.1329,2.1329,2.1329,161
162,208.3333,208.3333,208.3333,18.2833,18.2833,18.2833,3.4384,3.4384,3.4384,2.6471,2.6471,2.6471,162
163,218.2222,218.2222,218.2222,29.5222,29.5222,29.5222,4.5073,4.5073,4.5073,3.7349,3.7349,3.7349,163
164,196.6667,196.6667,196.6667,5.4667,5.4667,5.4667,1.6424,1.6424,1.6424,0.3642,0.3642,0.3642,164
165,204.2222,204.2222,204.2222,17.3722,17.3722,17.3722,3.3753,3.3753,3.3753,2.214,2.214,2.214,165
166,203.3333,203.3333,203.3333,21.5333,21.5333,21.5333,2.7407,2.7407,2.7407,2.8211,2.8211,2.8211,166
167,194.5556,194.5556,194.5556,4.1056,4.1056,4.1056,0.2166,0.2166,0.2166,-1.3237,-1.3237,-1.3237,167
168,198.2222,198.2222,198.2222,14.3722,14.3722,14.3722,2.1155,2.1155,2.1155,1.6281,1.6281,1.6281,168
169,201.7778,201.7778,201.7778,20.3278,20.3278,20.3278,2.7921,2.7921,2.7921,2.3783,2.3783,2.3783,169
170,194.8889,194.8889,194.8889,18.3889,18.3889,18.3889,1.4709,1.4709,1.4709,1.8714,1.8714,1.8714,170
171,188.3333,188.3333,188.3333,6.9833,6.9833,6.9833,0.9794,0.9794,0.9794,0.4011,0.4011,0.4011,171
172,197.6667,197.6667,197.6667,16.5167,16.5167,16.5167,2.4446,2.4446,2.4446,1.7914,1.7914,1.7914,172
173,193.3333,193.3333,193.3333,12.9333,12.9333,12.9333,1.2354,1.2354,1.2354,0.6198,0.6198,0.6198,173
174,204.1111,204.1111,204.1111,23.4111,23.4111,23.4111,3.9951,3.9951,3.9951,3.8914,3.8914,3.8914,174
175,196.4444,196.4444,196.4444,9.9444,9.9444,9.9444,2.0729,2.0729,2.0729,0.621,0.621,0.621,175
176,199.8889,199.8889,199.8889,19.6389,19.6389,19.6389,2.7587,2.7587,2.7587,2.1714,2.1714,2.1714,176
177,188.3333,188.3333,188.3333,5.7833,5.7833,5.7833,0.8896,0.8896,0.8896,-0.0126,-0.0126,-0.0126,177
178,191.2222,191.2222,191.2222,12.5722,12.5722,12.5722,1.175,1.175,1.175,1.513,1.513,1.513,178
179,197.4444,197.4444,197.4444,24.0944,24.0944,24.0944,2.4677,2.4677,2.4677,3.1673,3.1673,3.1673,179
180,185.8889,185.8889,185.8889,6.8889,6.8889,6.8889,0.4144,0.4144,0.4144,0.1084,0.1084,0.1084,180
181,190.0,190.0,190.0,10.8,10.8,10.8,0.906,0.906,0.906,1.0925,1.0925,1.0925,181
182,189.8889,189.8889,189.8889,12.7889,12.7889,12.7889,1.4664,1.4664,1.4664,1.4308,1.4308,1.4308,182
183,195.0,195.0,195.0,17.35,17.35,17.35,2.4245,2.4245,2.4245,2.5921,2.5921,2.5921,183
184,192.2222,192.2222,192.2222,10.8222,10.8222,10.8222,0.7814,0.7814,0.7814,0.5348,0.5348,0.5348,184
185,185.5556,185.5556,185.5556,14.2056,14.2056,14.2056,-0.1246,-0.1246,-0.1246,0.3822,0.3822,0.3822,185
186,192.4444,192.4444,192.4444,18.4944,18.4944,18.4944,1.6633,1.6633,1.6633,2.1153,2.1153,2.1153,186
187,182.8889,182.8889,182.8889,8.3389,8.3389,8.3389,-0.2344,-0.2344,-0.2344,0.5237,0.5237,0.5237,187
188,186.4444,186.4444,186.4444,9.6944,9.6944,9.6944,1.5796,1.5796,1.5796,1.682,1.682,1.682,188
189,182.4444,182.4444,182.4444,5.0944,5.0944,5.0944,0.8194,0.8194,0.8194,0.6961,0.6961,0.6961,189
190,187.0,187.0,187.0,9.5,9.5,9.5,0.5795,0.5795,0.5795,0.5419,0.5419,0.5419,190
191,186.1111,186.1111,186.1111,3.8111,3.8111,3.8111,0.8608,0.8608,0.8608,0.2333,0.2333,0.2333,191
192,192.0,192.0,192.0,19.45,19.45,19.45,1.6249,1.6249,1.6249,2.0009,2.0009,2.0009,192
193,193.0,193.0,193.0,23.95,23.95,23.95,3.6026,3.6026,3.6026,3.7436,3.7436,3.7436,193
194,199.7778,199.7778,199.7778,21.9278,21.9278,21.9278,3.1266,3.1266,3.1266,3.004,3.004,3.004,194
195,183.0,183.0,183.0,10.0,10.0,10.0,0.3602,0.3602,0.3602,0.5387,0.5387,0.5387,195
196,179.2222,179.2222,179.2222,10.9722,10.9722,10.9722,-0.2174,-0.2174,-0.2174,0.5782,0.5782,0.5782,196
197,187.6667,187.6667,187.6667,13.5667,13.5667,13.5667,0.9327,0.9327,0.9327,0.7411,0.7411,0.7411,197
198,181.4444,181.4444,181.4444,5.5444,5.5444,5.5444,-0.6306,-0.6306,-0.6306,-0.5288,-0.5288,-0.5288,198
199,187.2222,187.2222,187.2222,15.7722,15.7722,15.7722,1.883,1.883,1.883,2.7926,2.7926,2.7926,199
200,181.5556,181.5556,181.5556,18.0056,18.0056,18.0056,-0.2317,-0.2317,-0.2317,1.3336,1.3336,1.3336,200
201,185.8889,185.8889,185.8889,16.8389,16.8389,16.8389,1.1199,1.1199,1.1199,2.2363,2.2363,2.2363,201
202,189.4444,189.4444,189.4444,18.2444,18.2444,18.2444,1.9153,1.9153,1.9153,2.3308,2.3308,2.3308,202
203,184.3333,184.3333,184.3333,9.0333,9.0333,9.0333,1.2722,1.2722,1.2722,0.7855,0.7855,0.7855,203
204,184.3333,184.3333,184.3333,17.5333,17.5333,17.5333,1.2506,1.2506,1.2506,1.5969,1.5969,1.5969,204
205,182.2222,182.2222,182.2222,17.9222,17.9222,17.9222,1.9848,1.9848,1.9848,2.4608,2.4608,2.4608,205
206,187.1111,187.1111,187.1111,19.3611,19.3611,19.3611,2.4435,2.4435,2.4435,2.9519,2.9519,2.9519,206
207,195.6667,195.6667,195.6667,25.8167,25.8167,25.8167,3.253,3.253,3.253,3.6286,3.6286,3.6286,207
208,183.4444,183.4444,183.4444,18.2944,18.2944,18.2944,1.9935,1.9935,1.9935,2.7817,2.7817,2.7817,208
209,201.2222,201.2222,201.2222,32.8222,32.8222,32.8222,4.5249,4.5249,4.5249,5.3648,5.3648,5.3648,209
210,185.1111,185.1111,185.1111,12.3611,12.3611,12.3611,2.0755,2.0755,2.0755,1.4699,1.4699,1.4699,210
211,192.1111,192.1111,192.1111,23.9611,23.9611,23.9611,3.3459,3.3459,3.3459,3.8783,3.8783,3.8783,211
212,187.5556,187.5556,187.5556,15.9556,15.9556,15.9556,1.94,1.94,1.94,1.9411,1.9411,1.9411,212
213,186.2222,186.2222,186.2222,17.4722,17.4722,17.4722,2.0837,2.0837,2.0837,2.2712,2.2712,2.2712,213
214,181.0,181.0,181.0,13.35,13.35,13.35,1.1014,1.1014,1.1014,1.7786,1.7786,1.7786,214
215,183.5556,183.5556,183.5556,15.3556,15.3556,15.3556,1.5236,1.5236,1.5236,2.0117,2.0117,2.0117,215
216,175.4444,175.4444,175.4444,8.1444,8.1444,8.1444,-0.7555,-0.7555,-0.7555,-0.135,-0.135,-0.135,216
217,184.7778,184.7778,184.7778,19.7778,19.7778,19.7778,1.9727,1.9727,1.9727,2.5748,2.5748,2.5748,217
218,186.3333,186.3333,186.3333,15.6833,15.6833,15.6833,2.2231,2.2231,2.2231,2.4826,2.4826,2.4826,218
219,177.0,177.0,177.0,10.25,10.25,10.25,0.6605,0.6605,0.6605,1.0915,1.0915,1.0915,219
220,175.1111,175.1111,175.1111,12.5611,12.5611,12.5611,0.8464,0.8464,0.8464,1.5906,1.5906,1.5906,220
221,168.7778,168.7778,168.7778,2.0778,2.0778,2.0778,-1.2852,-1.2852,-1.2852,-0.9321,-0.9321,-0.9321,221
222,178.1111,178.1111,178.1111,17.9111,17.9111,17.9111,0.7752,0.7752,0.7752,2.0374,2.0374,2.0374,222
223,172.7778,172.7778,172.7778,6.5778,6.5778,6.5778,-0.2965,-0.2965,-0.2965,0.7297,0.7297,0.7297,223
224,174.0,174.0,174.0,14.5,14.5,14.5,-0.3743,-0.3743,-0.3743,1.3668,1.3668,1.3668,224
225,179.3333,179.3333,179.3333,12.3333,12.3333,12.3333,0.5293,0.5293,0.5293,1.1645,1.1645,1.1645,225
226,177.6667,177.6667,177.6667,17.2667,17.2667,17.2667,1.2274,1.2274,1.2274,1.9001,1.9001,1.9001,226
227,173.1111,173.1111,173.1111,5.2611,5.2611,5.2611,-1.4074,-1.4074,-1.4074,-0.2381,-0.2381,-0.2381,227
228,172.8889,172.8889,172.8889,7.9389,7.9389,7.9389,-0.1431,-0.1431,-0.1431,0.8234,0.8234,0.8234,228
229,179.7778,179.7778,179.7778,20.2778,20.2778,20.2778,0.9272,0.9272,0.9272,2.0143,2.0143,2.0143,229
230,187.4444,187.4444,187.4444,14.6444,14.6444,14.6444,2.0296,2.0296,2.0296,1.8501,1.8501,1.8501,230
231,178.7778,178.7778,178.7778,9.0778,9.0778,9.0778,0.3889,0.3889,0.3889,0.8644,0.8644,0.8644,231
232,181.8889,181.8889,181.8889,14.2389,14.2389,14.2389,1.5686,1.5686,1.5686,2.0286,2.0286,2.0286,232
233,180.5556,180.5556,180.5556,11.8056,11.8056,11.8056,0.3318,0.3318,0.3318,0.6808,0.6808,0.6808,233
234,181.8889,181.8889,181.8889,11.9389,11.9389,11.9389,0.5153,0.5153,0.5153,1.1164,1.1164,1.1164,234
235,169.8889,169.8889,169.8889,7.7889,7.7889,7.7889,-1.2785,-1.2785,-1.2785,0.1031,0.1031,0.1031,235
236,184.5556,184.5556,184.5556,12.4056,12.4056,12.4056,0.8412,0.8412,0.8412,1.0436,1.0436,1.0436,236
237,183.7778,183.7778,183.7778,21.9278,21.9278,21.9278,1.0853,1.0853,1.0853,2.4739,2.4739,2.4739,237
238,175.2222,175.2222,175.2222,8.7222,8.7222,8.7222,-0.6013,-0.6013,-0.6013,0.1971,0.1971,0.1971,238
239,174.2222,174.2222,174.2222,9.9222,9.9222,9.9222,-0.498,-0.498,-0.498,0.4204,0.4204,0.4204,239
240,179.8889,179.8889,179.8889,14.0389,14.0389,14.0389,0.0595,0.0595,0.0595,1.1472,1.1472,1.1472,240
241,169.4444,169.4444,169.4444,2.1944,2.1944,2.1944,-1.2466,-1.2466,-1.2466,-0.2445,-0.2445,-0.2445,241
242,182.2222,182.2222,182.2222,15.9222,15.9222,15.9222,1.0677,1.0677,1.0677,1.5223,1.5223,1.5223,242
243,172.7778,172.7778,172.7778,0.8278,0.8278,0.8278,-0.546,-0.546,-0.546,-0.2137,-0.2137,-0.2137,243
244,169.6667,169.6667,169.6667,9.7667,9.7667,9.7667,-1.2779,-1.2779,-1.2779,0.1987,0.1987,0.1987,244
245,164.1111,164.1111,164.1111,1.9111,1.9111,1.9111,-2.7033,-2.7033,-2.7033,-1.5788,-1.5788,-1.5788,245
246,175.6667,175.6667,175.6667,6.3167,6.3167,6.3167,-0.8508,-0.8508,-0.8508,-0.0921,-0.0921,-0.0921,246
247,173.2222,173.2222,173.2222,3.5722,3.5722,3.5722,-1.3982,-1.3982,-1.3982,-0.5278,-0.5278,-0.5278,247
248,179.1111,179.1111,179.1111,13.6611,13.6611,13.6611,0.3296,0.3296,0.3296,1.0916,1.0916,1.0916,248
249,175.5556,175.5556,175.5556,9.9556,9.9556,9.9556,-0.375,-0.375,-0.375,0.4711,0.4711,0.4711,249
250,177.6667,177.6667,177.6667,5.7667,5.7667,5.7667,0.6812,0.6812,0.6812,0.9346,0.9346,0.9346,250
251,184.8889,184.8889,184.8889,14.0389,14.0389,14.0389,1.2472,1.2472,1.2472,1.0372,1.0372,1.0372,251
252,182.6667,182.6667,182.6667,17.9167,17.9167,17.9167,0.325,0.325,0.325,1.1782,1.1782,1.1782,252
253,183.5556,183.5556,183.5556,18.3556,18.3556,18.3556,1.1953,1.1953,1.1953,2.0438,2.0438,2.0438,253
254,183.5556,183.5556,183.5556,13.6056,13.6056,13.6056,0.966,0.966,0.966,1.6715,1.6715,1.6715,254
255,166.8889,166.8889,166.8889,2.4389,2.4389,2.4389,-1.209,-1.209,-1.209,-0.2816,-0.2816,-0.2816,255
256,172.0,172.0,172.0,1.7,1.7,1.7,0.0156,0.0156,0.0156,0.3464,0.3464,0.3464,256
257,166.0,166.0,166.0,4.1,4.1,4.1,-1.395,-1.395,-1.395,-0.3187,-0.3187,-0.3187,257
258,173.7778,173.7778,173.7778,10.3778,10.3778,10.3778,-0.9103,-0.9103,-0.9103,-0.2192,-0.2192,-0.2192,258
259,175.0,175.0,175.0,5.15,5.15,5.15,-0.5677,-0.5677,-0.5677,0.5302,0.5302,0.5302,259
260,183.3333,183.3333,183.3333,9.1833,9.1833,9.1833,1.4746,1.4746,1.4746,1.7967,1.7967,1.7967,260
261,166.5556,166.5556,166.5556,4.6556,4.6556,4.6556,-1.9186,-1.9186,-1.9186,-0.5049,-0.5049,-0.5049,261
262,178.6667,178.6667,178.6667,15.0167,15.0167,15.0167,0.3484,0.3484,0.3484,1.6111,1.6111,1.6111,262
263,168.5556,168.5556,168.5556,4.3056,4.3056,4.3056,-1.4371,-1.4371,-1.4371,-0.7218,-0.7218,-0.7218,263
264,170.4444,170.4444,170.4444,6.5944,6.5944,6.5944,-1.2666,-1.2666,-1.2666,-0.0221,-0.0221,-0.0221,264
265,175.0,175.0,175.0,4.15,4.15,4.15,-0.0916,-0.0916,-0.0916,0.114,0.114,0.114,265
266,179.6667,179.6667,179.6667,11.8167,11.8167,11.8167,1.7059,1.7059,1.7059,1.5317,1.5317,1.5317,266
267,186.3333,186.3333,186.3333,24.6333,24.6333,24.6333,2.0336,2.0336,2.0336,2.8711,2.8711,2.8711,267
268,178.7778,178.7778,178.7778,14.1778,14.1778,14.1778,0.6902,0.6902,0.6902,1.7091,1.7091,1.7091,268
269,170.4444,170.4444,170.4444,3.2944,3.2944,3.2944,-0.4396,-0.4396,-0.4396,-0.3375,-0.3375,-0.3375,269
270,172.1111,172.1111,172.1111,8.3611,8.3611,8.3611,-0.1301,-0.1301,-0.1301,0.8323,0.8323,0.8323,270
271,179.1111,179.1111,179.1111,16.8111,16.8111,16.8111,-0.2259,-0.2259,-0.2259,1.0016,1.0016,1.0016,271
272,167.5556,167.5556,167.5556,9.4056,9.4056,9.4056,-1.3914,-1.3914,-1.3914,-0.2061,-0.2061,-0.2061,272
273,175.7778,175.7778,175.7778,13.7778,13.7778,13.7778,0.7834,0.7834,0.7834,1.7802,1.7802,1.7802,273
274,171.4444,171.4444,171.4444,8.0444,8.0444,8.0444,-0.8349,-0.8349,-0.8349,-0.1686,-0.1686,-0.1686,274
275,179.8889,179.8889,179.8889,18.8389,18.8389,18.8389,1.156,1.156,1.156,2.0407,2.0407,2.0407,275
276,180.2222,180.2222,180.2222,18.5722,18.5722,18.5722,2.3423,2.3423,2.3423,3.0596,3.0596,3.0596,276
277,174.6667,174.6667,174.6667,11.7167,11.7167,11.7167,0.6092,0.6092,0.6092,0.8697,0.8697,0.8697,277
278,170.7778,170.7778,170.7778,8.8778,8.8778,8.8778,-0.2301,-0.2301,-0.2301,0.4454,0.4454,0.4454,278
279,164.4444,164.4444,164.4444,7.9444,7.9444,7.9444,0.1557,0.1557,0.1557,1.103,1.103,1.103,279
280,161.4444,161.4444,161.4444,-0.6556,-0.6556,-0.6556,-1.6425,-1.6425,-1.6425,-0.9437,-0.9437,-0.9437,280
281,162.6667,162.6667,162.6667,6.3667,6.3667,6.3667,-1.4777,-1.4777,-1.4777,-0.1506,-0.1506,-0.1506,281
282,162.4444,162.4444,162.4444,-1.3556,-1.3556,-1.3556,-1.8346,-1.8346,-1.8346,-1.4845,-1.4845,-1.4845,282
283,163.8889,163.8889,163.8889,7.1889,7.1889,7.1889,0.1517,0.1517,0.1517,0.9837,0.9837,0.9837,283
284,160.7778,160.7778,160.7778,4.6278,4.6278,4.6278,-1.1838,-1.1838,-1.1838,0.2012,0.2012,0.2012,284
285,155.2222,155.2222,155.2222,-0.3278,-0.3278,-0.3278,-1.6807,-1.6807,-1.6807,-0.2484,-0.2484,-0.2484,285
286,176.5556,176.5556,176.5556,19.8556,19.8556,19.8556,1.6354,1.6354,1.6354,2.87,2.87,2.87,286
287,170.6667,170.6667,170.6667,10.9667,10.9667,10.9667,0.7759,0.7759,0.7759,1.1278,1.1278,1.1278,287
288,173.1111,173.1111,173.1111,13.4611,13.4611,13.4611,0.9078,0.9078,0.9078,1.2653,1.2653,1.2653,288
289,160.3333,160.3333,160.3333,-1.0167,-1.0167,-1.0167,-1.9013,-1.9013,-1.9013,-1.5026,-1.5026,-1.5026,289
290,163.3333,163.3333,163.3333,-0.0167,-0.0167,-0.0167,-1.4782,-1.4782,-1.4782,-1.1277,-1.1277,-1.1277,290
291,174.3333,174.3333,174.3333,14.3833,14.3833,14.3833,1.2684,1.2684,1.2684,2.1349,2.1349,2.1349,291
292,167.4444,167.4444,167.4444,12.0944,12.0944,12.0944,0.4899,0.4899,0.4899,1.719,1.719,1.719,292
293,163.1111,163.1111,163.1111,10.2611,10.2611,10.2611,-1.2274,-1.2274,-1.2274,0.489,0.489,0.489,293
294,159.6667,159.6667,159.6667,-0.2833,-0.2833,-0.2833,-0.8382,-0.8382,-0.8382,-0.027,-0.027,-0.027,294
295,167.2222,167.2222,167.2222,8.0722,8.0722,8.0722,-0.1574,-0.1574,-0.1574,0.2183,0.2183,0.2183,295
296,185.1111,185.1111,185.1111,27.3611,27.3611,27.3611,3.3752,3.3752,3.3752,4.6728,4.6728,4.6728,296
297,186.2222,186.2222,186.2222,21.8222,21.8222,21.8222,2.0662,2.0662,2.0662,2.3324,2.3324,2.3324,297
298,171.0,171.0,171.0,12.8,12.8,12.8,0.4576,0.4576,0.4576,1.6967,1.6967,1.6967,298
299,173.8889,173.8889,173.8889,11.4389,11.4389,11.4389,0.5063,0.5063,0.5063,1.2236,1.2236,1.2236,299
300,178.6667,178.6667,178.6667,18.7667,18.2667,18.2667,2.4009,2.4009,2.4009,3.1721,2.9172,2.9172,300
301,173.8889,173.8889,173.8889,12.6389,12.6389,12.6389,1.4773,1.4773,1.4773,1.9262,1.9262,1.9262,301
302,175.1111,175.1111,175.1111,13.8111,13.8111,13.8111,1.2218,1.2218,1.2218,1.9916,1.9916,1.9916,302
303,171.0,171.0,171.0,4.35,4.35,4.35,1.3969,1.3969,1.3969,1.3785,1.3785,1.3785,303
304,167.3333,167.3333,167.3333,4.9333,4.9333,4.9333,0.2493,0.2493,0.2493,0.265,0.265,0.265,304
305,188.1111,188.1111,188.1111,27.0611,27.0611,27.0611,3.7373,3.7373,3.7373,4.5949,4.5949,4.5949,305
306,173.5556,173.5556,173.5556,10.1556,10.1556,10.1556,0.719,0.719,0.719,0.8282,0.8282,0.8282,306
307,172.6667,172.6667,172.6667,10.3167,10.3167,10.3167,0.322,0.322,0.322,0.6498,0.6498,0.6498,307
308,181.0,181.0,181.0,18.65,18.65,18.65,2.6664,2.6664,2.6664,2.9955,2.9955,2.9955,308
309,184.0,184.0,184.0,19.35,19.35,19.35,3.2453,3.2453,3.2453,3.4185,3.4185,3.4185,309
310,173.4444,173.4444,173.4444,16.5944,16.5944,16.5944,1.8307,1.6305,1.6305,2.6433,2.4431,2.4431,310
311,181.0,169.3333,169.3333,21.45,9.7833,9.7833,2.0235,0.63,0.63,2.6805,1.2869,1.2869,311
312,173.8889,166.4444,166.4444,7.9389,0.4944,0.4944,0.3908,-0.5941,-0.5941,0.6006,-0.3843,-0.3843,312
313,177.7778,174.8889,174.8889,18.6278,15.7389,15.7389,1.8841,1.4239,1.4239,2.4305,1.9703,1.9703,313
314,170.1111,170.1111,170.1111,6.2111,6.2111,6.2111,0.1508,0.1508,0.1508,0.1392,0.1392,0.1392,314
315,170.3333,170.3333,170.3333,16.8833,16.8833,16.8833,0.2736,0.2736,0.2736,1.4845,1.4845,1.4845,315
316,177.0,177.0,177.0,10.7,10.7,10.7,1.7119,1.7119,1.7119,1.6539,1.6539,1.6539,316
317,180.3333,180.3333,180.3333,19.8333,19.8333,19.8333,2.2939,2.2939,2.2939,3.1452,3.1452,3.1452,317
318,183.5556,183.5556,183.5556,28.2556,28.2556,28.2556,3.6362,3.6362,3.6362,4.5257,4.5257,4.5257,318
319,184.3333,184.3333,184.3333,30.1833,30.1833,30.1833,3.45,3.45,3.45,4.544,4.544,4.544,319
320,174.1111,174.1111,174.1111,17.7611,17.7611,17.7611,1.9058,1.9058,1.9058,2.098,2.098,2.098,320
321,167.6667,167.6667,167.6667,6.4167,6.4167,6.4167,-0.1905,-0.1905,-0.1905,-0.0225,-0.0225,-0.0225,321
322,181.8889,181.8889,181.8889,16.2889,16.2889,16.2889,3.828,3.828,3.828,3.1515,3.1515,3.1515,322
323,164.4444,164.4444,164.4444,10.6944,10.6944,10.6944,0.3178,0.3178,0.3178,0.8377,0.8377,0.8377,323
324,178.8889,178.8889,178.8889,11.5889,11.5889,11.5889,2.3286,2.3286,2.3286,1.9746,1.9746,1.9746,324
325,173.0,173.0,173.0,12.5,12.5,12.5,1.9377,1.9377,1.9377,1.8988,1.8988,1.8988,325
326,180.2222,180.2222,180.2222,14.7722,14.7722,14.7722,2.7401,2.7401,2.7401,2.3836,2.3836,2.3836,326
327,178.5556,178.5556,178.5556,22.6056,22.6056,22.6056,2.3491,2.3491,2.3491,3.4675,3.4675,3.4675,327
328,174.7778,174.7778,174.7778,20.0778,20.0778,20.0778,1.9932,1.9932,1.9932,2.5319,2.5319,2.5319,328
329,180.4444,180.4444,180.4444,24.1444,24.1444,24.1444,3.584,3.584,3.584,4.0055,4.0055,4.0055,329
330,176.4444,176.4444,176.4444,22.3944,22.3944,22.3944,2.6242,2.6242,2.6242,3.4752,3.4752,3.4752,330
331,175.3333,175.3333,175.3333,20.5833,20.5833,20.5833,2.3455,2.3455,2.3455,2.809,2.809,2.809,331
332,176.5556,176.5556,176.5556,16.9056,16.9056,16.9056,2.9374,2.9374,2.9374,2.8812,2.8812,2.8812,332
333,179.1111,179.1111,179.1111,24.5111,24.5111,24.5111,3.9665,3.9665,3.9665,3.8513,3.8513,3.8513,333
334,176.1111,176.1111,176.1111,21.5611,21.5611,21.5611,3.0417,3.0417,3.0417,3.5591,3.5591,3.5591,334
335,168.6667,168.6667,168.6667,13.4167,13.4167,13.4167,2.2925,2.2925,2.2925,2.5325,2.5325,2.5325,335
336,167.4444,167.4444,167.4444,11.8944,11.8944,11.8944,1.8204,1.8204,1.8204,2.06,2.06,2.06,336
337,178.0,178.0,178.0,24.15,24.15,24.15,2.3802,2.3802,2.3802,2.8346,2.8346,2.8346,337
338,174.8889,174.8889,174.8889,19.0889,19.0889,19.0889,3.2307,3.2307,3.2307,2.8481,2.8481,2.8481,338
339,182.2222,182.2222,182.2222,22.2222,22.2222,22.2222,4.5433,4.5433,4.5433,4.0317,4.0317,4.0317,339
340,178.4444,178.4444,178.4444,13.9444,13.9444,13.9444,3.2236,3.2236,3.2236,2.6526,2.6526,2.6526,340
341,171.5556,171.5556,171.5556,14.9556,14.9556,14.9556,1.9612,1.9612,1.9612,2.139,2.139,2.139,341
342,182.6667,182.6667,182.6667,30.2667,30.2667,30.2667,3.8748,3.8748,3.8748,4.349,4.349,4.349,342
343,182.1111,182.1111,182.1111,18.7611,25.4111,25.4111,3.9221,3.9221,3.9221,3.3638,4.1498,4.1498,343
344,182.7778,182.7778,182.7778,25.3778,25.3778,25.3778,3.2418,3.2418,3.2418,3.2054,3.2054,3.2054,344
345,178.5556,178.5556,178.5556,24.6056,24.6056,24.6056,3.6731,3.6731,3.6731,3.4943,3.4943,3.4943,345
346,183.8889,183.8889,183.8889,21.5389,29.5389,29.5389,3.774,3.774,3.774,3.5288,4.0271,4.0271,346
347,175.3333,175.3333,175.3333,20.1833,20.1833,20.1833,2.2805,2.2805,2.2805,2.7426,2.7426,2.7426,347
348,168.4444,168.4444,168.4444,11.1444,11.1444,11.1444,2.2941,2.2941,2.2941,2.4658,2.4658,2.4658,348
349,183.0,183.0,183.0,29.05,29.05,29.05,4.4676,4.4676,4.4676,4.9587,4.9587,4.9587,349
350,169.8889,169.8889,169.8889,14.5889,15.0889,15.0889,1.5067,1.5067,1.5067,2.1888,1.9276,1.9276,350
351,162.5556,162.5556,162.5556,5.3556,6.1556,6.1556,0.6975,0.6975,0.6975,1.3025,1.3906,1.3906,351
352,170.6667,170.6667,170.6667,11.8667,21.3167,21.3167,2.7819,2.7819,2.7819,3.3055,3.44,3.44,352
353,169.2222,169.2222,169.2222,6.5722,10.8722,10.8722,1.5271,1.5271,1.5271,1.2585,1.1467,1.1467,353
354,181.5556,181.5556,181.5556,16.0556,17.9056,17.9056,4.4768,4.4768,4.4768,3.7385,3.3795,3.3795,354
355,173.2222,173.2222,173.2222,17.7222,20.9722,20.9722,3.3231,3.3231,3.3231,4.129,3.9145,3.9145,355
356,174.1111,174.1111,174.1111,10.1111,19.9611,19.9611,2.4954,2.4954,2.4954,2.629,2.7586,2.7586,356
357,189.8889,189.8889,189.8889,30.3889,37.1389,37.1389,4.9608,4.9608,4.9608,5.0752,5.1265,5.1265,357
358,174.5556,174.5556,174.5556,16.8556,21.0056,21.0056,2.5739,2.5739,2.5739,2.5902,3.0321,3.0321,358
359,174.4444,174.4444,174.4444,24.3444,25.2444,25.2444,3.5087,3.5087,3.5087,4.7213,4.1542,4.1542,359
360,178.7778,178.7778,178.7778,22.7778,24.3278,24.3278,3.996,3.996,3.996,4.3873,4.014,4.014,360
361,174.7778,174.7778,174.7778,20.2778,22.0778,22.0778,3.4939,3.4939,3.4939,3.9476,3.4922,3.4922,361
362,188.1111,188.1111,188.1111,35.3111,35.3111,35.3111,4.4766,4.4766,4.4766,4.671,4.671,4.671,362
363,182.6667,182.6667,182.6667,22.4167,22.4167,22.4167,4.6016,4.6016,4.6016,3.72,3.72,3.72,363
364,173.7778,173.7778,173.7778,18.4778,18.4778,18.4778,3.2626,3.2626,3.2626,2.9206,2.9206,2.9206,364
365,183.4444,183.4444,183.4444,32.0944,32.0944,32.0944,4.5224,4.5224,4.5224,5.035,5.035,5.035,365
366,186.6667,186.6667,186.6667,29.1667,29.1667,29.1667,5.5152,5.5152,5.5152,5.3475,5.3475,5.3475,366
367,188.2222,188.2222,188.2222,29.7722,29.7722,29.7722,5.1407,5.1407,5.1407,4.6266,4.6266,4.6266,367
368,169.5556,169.5556,169.5556,12.7556,12.7556,12.7556,2.1782,2.1782,2.1782,2.15,2.15,2.15,368
369,171.0,171.0,171.0,17.25,17.25,17.25,2.1163,2.1163,2.1163,2.135,2.135,2.135,369
370,164.4444,164.4444,164.4444,15.0944,15.0944,15.0944,1.5666,1.5666,1.5666,1.9014,1.9014,1.9014,370
371,173.7778,173.7778,173.7778,20.8278,20.8278,20.8278,2.9242,2.9242,2.9242,2.9328,2.9328,2.9328,371
372,160.8889,160.8889,160.8889,9.5889,9.5889,9.5889,0.6217,0.6217,0.6217,1.2353,1.2353,1.2353,372
373,170.8889,170.8889,170.8889,20.9889,20.9889,20.9889,3.529,3.529,3.529,3.7552,3.7552,3.7552,373
374,168.0,168.0,168.0,15.1,15.1,15.1,2.2695,2.2695,2.2695,2.3159,2.3159,2.3159,374
375,180.4444,180.4444,180.4444,32.1944,32.1944,32.1944,5.0457,5.0457,5.0457,5.2112,5.2112,5.2112,375
376,172.8889,172.8889,172.8889,23.2389,23.2389,23.2389,3.4204,3.4204,3.4204,3.4228,3.4228,3.4228,376
377,169.2222,169.2222,169.2222,14.1722,14.1722,14.1722,3.3539,3.3539,3.3539,3.1635,3.1635,3.1635,377
378,170.6667,170.6667,170.6667,15.8667,15.8667,15.8667,2.2764,2.2764,2.2764,1.9931,1.9931,1.9931,378
379,180.2222,180.2222,180.2222,24.1722,24.3222,24.3222,4.6301,4.6301,4.6301,4.3018,4.1192,4.1192,379
380,166.8889,166.8889,166.8889,12.6389,18.3389,18.3389,2.4466,2.4466,2.4466,2.5423,2.3822,2.3822,380
381,163.0,163.0,163.0,6.9,9.85,9.85,2.0659,2.0659,2.0659,1.8469,1.4785,1.4785,381
382,171.4444,173.0,173.0,18.4944,22.0,22.0,3.1461,3.6328,3.6328,3.0131,3.6262,3.6262,382
383,166.4444,162.7778,162.7778,14.1944,15.4278,15.4278,1.3366,1.3998,1.3998,1.8276,1.6973,1.6973,383
384,163.1111,156.5556,156.5556,6.8611,6.7556,6.7556,0.7359,0.3584,0.3584,0.4496,0.4996,0.4996,384
385,165.7778,162.3333,162.3333,13.8778,16.2833,16.2833,0.9916,0.8365,0.8365,1.5306,1.8071,1.8071,385
386,161.3333,157.1111,157.1111,4.2833,6.7611,6.7611,0.4039,0.0431,0.0431,0.1366,0.3321,0.3321,386
387,162.3333,155.5556,155.5556,-1.4667,2.9556,2.9556,0.6663,-0.6685,-0.6685,-0.7151,-0.9331,-0.9331,387
388,163.6667,166.8889,166.8889,4.3167,14.7389,14.7389,1.4413,1.9263,1.9263,0.9159,1.4592,1.4592,388
389,167.6667,160.3333,160.3333,12.0167,12.6333,12.6333,1.5667,1.5753,1.5753,1.6699,1.9727,1.9727,389
390,163.0,158.2222,158.2222,9.0,10.7722,10.7722,0.1915,-0.3696,-0.3696,-0.0239,0.2333,0.2333,390
391,159.0,154.1111,154.1111,1.45,8.1611,8.1611,-0.0934,-0.3642,-0.3642,-0.3626,0.5507,0.5507,391
392,151.0,149.3333,149.3333,-4.55,3.5333,3.5333,-0.9814,-0.9047,-0.9047,-0.9383,-0.415,-0.415,392
393,161.2222,157.6667,157.6667,0.6222,1.9167,1.9167,0.407,0.683,0.683,-0.3445,0.303,0.303,393
394,154.6667,152.4444,152.4444,-0.1333,7.9944,7.9944,-0.3626,-0.6883,-0.6883,-0.3318,0.1582,0.1582,394
395,165.4444,157.0,157.0,9.9444,12.05,12.05,1.6181,0.805,0.805,1.7121,1.6,1.6,395
396,161.6667,161.1111,161.1111,3.8667,16.8611,16.8611,0.6367,1.6703,1.6703,0.3094,2.4307,2.4307,396
397,162.5556,162.6667,162.6667,7.1556,17.5167,17.5167,1.6906,2.0103,2.0103,1.5064,2.7808,2.7808,397
398,150.1111,155.1111,155.1111,-6.7889,14.5111,14.5111,-0.9891,-0.3708,-0.3708,-1.5236,0.7623,0.7623,398
399,168.7778,166.0,166.0,16.7778,18.65,18.65,2.3512,2.797,2.797,2.7317,3.4857,3.4857,399
400,154.1111,151.1111,151.1111,-0.5889,6.4611,6.4611,-0.4425,0.1021,0.1021,-0.8006,0.6608,0.6608,400
401,157.0,154.7778,154.7778,7.7,8.8278,8.8278,0.2379,0.4641,0.4641,0.8188,1.0718,1.0718,401
402,160.2222,154.3333,154.3333,11.5722,8.5333,8.5333,0.9785,0.6616,0.6616,1.7248,1.2476,1.2476,402
403,153.7778,148.0,148.0,4.0778,2.65,2.65,0.4365,0.1008,0.1008,0.6796,0.4331,0.4331,403
404,147.1111,146.8889,146.8889,-7.0889,4.2389,4.2389,-1.1116,-0.7172,-0.7172,-1.3993,0.0595,0.0595,404
405,157.5556,158.8889,158.8889,1.9556,16.1889,16.1889,0.018,0.7795,0.7795,-0.371,1.1581,1.1581,405
406,150.2222,148.8889,148.8889,-3.3278,3.4889,3.4889,-0.9415,-0.8714,-0.8714,-0.9575,-0.1174,-0.1174,406
407,153.7778,155.8889,155.8889,4.5778,13.6389,13.6389,-0.2746,0.7639,0.7639,0.0049,1.534,1.534,407
408,160.2222,156.7778,156.7778,6.4722,7.7778,7.7778,0.8381,1.0894,1.0894,0.7397,1.6377,1.6377,408
409,146.0,147.1111,147.1111,-7.6,-2.0389,-2.0389,-2.1826,-1.3824,-1.3824,-2.6682,-1.2518,-1.2518,409
410,146.1111,143.6667,143.6667,-0.2889,3.4167,3.4167,-0.9667,-0.6206,-0.6206,-0.5793,0.2455,0.2455,410
411,148.7778,150.2222,150.2222,3.4778,11.4722,11.4722,-0.4351,0.0601,0.0601,0.2075,1.0263,1.0263,411
412,157.6667,155.1111,155.1111,9.1667,9.8611,9.8611,0.6941,0.7221,0.7221,1.2697,1.0611,1.0611,412
413,160.7778,153.4444,153.4444,7.1278,9.9444,9.9444,1.6429,1.0678,1.0678,1.2849,1.2649,1.2649,413
414,145.7778,149.4444,149.4444,0.0778,10.4944,10.4944,-1.5416,-0.2273,-0.2273,-0.7553,1.1543,1.1543,414
415,151.7778,150.5556,150.5556,3.4778,9.1556,9.1556,-0.2025,-0.0553,-0.0553,0.1272,0.9109,0.9109,415
416,140.8889,143.5556,143.5556,-6.3611,4.8056,4.8056,-2.1064,-0.9632,-0.9632,-1.6173,0.3531,0.3531,416
417,158.8889,153.6667,153.6667,8.5389,5.8667,5.8667,0.4901,0.3048,0.3048,0.3848,0.4629,0.4629,417
418,148.7778,143.8889,143.8889,3.7778,6.5889,6.5889,-0.3596,-0.7834,-0.7834,0.1789,0.42,0.42,418
419,160.0,154.1111,154.1111,11.05,8.0611,8.0611,1.0358,0.9866,0.9866,1.2907,1.134,1.134,419
420,156.1111,146.7778,146.7778,9.1611,4.6278,4.6278,0.2346,-0.8223,-0.8223,0.802,0.0044,0.0044,420
421,149.8889,149.8889,149.8889,-1.1111,8.1389,8.1389,-0.6361,-0.2714,-0.2714,-0.9818,0.6699,0.6699,421
422,153.6667,150.7778,150.7778,8.2167,6.9778,6.9778,0.1507,0.3694,0.3694,0.5851,0.8565,0.8565,422
423,145.8889,147.5556,147.5556,-1.0111,6.2556,6.2556,-0.8342,0.0594,0.0594,-0.5229,0.7523,0.7523,423
424,142.7778,143.2222,143.2222,-3.8222,5.7222,5.7222,-1.5349,-0.6413,-0.6413,-1.0795,0.478,0.478,424
425,144.6667,141.0,141.0,-2.9333,2.5,2.5,-0.5468,-0.56,-0.56,-0.5292,0.2852,0.2852,425
426,148.7778,143.0,143.0,2.0778,2.9,2.9,-0.5332,-0.9649,-0.9649,0.0294,-0.4696,-0.4696,426
427,156.0,148.4444,148.4444,10.75,8.2444,8.2444,1.6238,0.708,0.708,2.3291,1.5929,1.5929,427
428,156.1111,149.8889,149.8889,8.7111,8.8389,8.8389,0.8251,0.3565,0.3565,1.2975,1.0517,1.0517,428
429,159.2222,156.8889,156.8889,9.7722,15.5389,15.5389,1.5601,1.5849,1.5849,1.6307,2.2004,2.2004,429
430,153.6667,143.5556,143.5556,8.5167,-2.8944,-2.8944,0.7122,-0.5329,-0.5329,1.1563,-0.3395,-0.3395,430
431,151.0,150.5556,150.5556,6.85,8.5056,8.5056,0.5343,0.5164,0.5164,1.3259,0.9105,0.9105,431
432,151.3333,146.3333,146.3333,4.8333,4.6333,4.6333,0.1163,0.0583,0.0583,0.6073,0.7097,0.7097,432
433,151.1111,153.0,153.0,4.8611,12.95,12.95,-0.5563,0.6803,0.6803,0.1643,1.8606,1.8606,433
434,155.8889,152.1111,152.1111,6.8389,11.7111,11.7111,1.0419,0.9378,0.9378,1.2608,2.0478,2.0478,434
435,149.1111,145.2222,145.2222,3.0111,5.8222,5.8222,-0.2634,-0.0376,-0.0376,0.1669,0.887,0.887,435
436,153.4444,154.1111,154.1111,9.5944,13.2611,13.2611,0.6221,1.525,1.525,1.1548,2.1144,2.1144,436
437,146.5556,143.1111,143.1111,0.4556,4.7611,4.7611,-1.1149,-0.9069,-0.9069,-0.473,0.1888,0.1888,437
438,145.0,146.0,146.0,-2.35,5.75,5.75,-1.1106,-0.2774,-0.2774,-0.7115,0.5551,0.5551,438
439,145.6667,142.8889,142.8889,-1.6333,0.9389,0.9389,-1.2107,-1.2263,-1.2263,-1.2987,-0.4628,-0.4628,439
440,152.2222,147.6667,147.6667,2.9722,5.6667,5.6667,0.1209,0.3511,0.3511,0.0909,0.7227,0.7227,440
441,144.4444,141.4444,141.4444,0.1444,1.6444,1.6444,-1.3883,-1.362,-1.362,-1.0277,-0.4287,-0.4287,441
442,156.6667,151.1111,151.1111,6.4667,10.9611,10.9611,0.8181,0.4732,0.4732,1.077,1.4911,1.4911,442
443,147.6667,153.5556,153.5556,3.0667,13.1056,13.1056,-0.9038,0.5331,0.5331,-0.4607,1.5194,1.5194,443
444,148.3333,145.4444,145.4444,-4.0167,-2.7556,-2.7556,-1.2058,-1.1945,-1.1945,-1.7034,-1.2408,-1.2408,444
445,155.2222,152.1111,152.1111,5.8722,9.3111,9.3111,0.3207,0.4588,0.4588,0.3653,0.9435,0.9435,445
446,146.2222,140.0,140.0,2.8222,-3.4,-3.4,-0.99,-1.3659,-1.3659,-0.4391,-0.9559,-0.9559,446
447,151.6667,149.7778,149.7778,3.6667,7.7278,7.7278,0.309,0.9396,0.9396,0.3078,1.1866,1.1866,447
448,154.8889,152.8889,152.8889,6.8389,11.1389,11.1389,1.0184,0.6984,0.6984,1.4379,1.2277,1.2277,448
449,147.0,153.3333,153.3333,4.4,17.1333,17.1333,-0.8693,0.9825,0.9825,-0.1916,2.4826,2.4826,449
450,146.5556,148.2222,148.2222,-2.9444,9.5722,9.5722,-0.4232,0.0296,0.0296,-0.3937,0.884,0.884,450
451,152.6667,148.5556,148.5556,7.6667,9.9056,9.9056,0.2229,0.2147,0.2147,0.9397,1.0517,1.0517,451
452,148.5556,146.8889,146.8889,-1.1944,1.4389,1.4389,-1.017,-1.1617,-1.1617,-0.93,-0.7064,-0.7064,452
453,149.0,146.8889,146.8889,5.65,3.3389,3.3389,-0.3667,-0.0895,-0.0895,0.0393,0.3393,0.3393,453
454,153.3333,152.1111,152.1111,3.5333,10.0111,10.0111,0.5067,1.1119,1.1119,0.6574,1.2613,1.2613,454
455,161.7778,154.8889,154.8889,10.4278,11.2389,11.2389,2.0448,1.2468,1.2468,1.9689,1.5931,1.5931,455
456,155.3333,152.3333,152.3333,14.4833,12.4333,12.4333,1.0314,1.3631,1.3631,2.0576,1.8203,1.8203,456
457,150.6667,151.2222,151.2222,0.3667,2.0722,2.0722,-1.2721,-0.5585,-0.5585,-1.404,-0.366,-0.366,457
458,149.1111,151.0,151.0,-0.2389,12.05,12.05,-0.675,0.4011,0.4011,0.1917,1.6509,1.6509,458
459,150.7778,150.8889,150.8889,0.0778,6.9889,6.9889,0.0956,0.9154,0.9154,0.2445,1.3802,1.3802,459
460,143.5556,141.2222,141.2222,-7.5444,-1.8278,-1.8278,-1.7223,-1.4435,-1.4435,-1.4051,-0.6916,-0.6916,460
461,156.0,153.8889,153.8889,3.4,6.9389,6.9389,0.4588,0.3426,0.3426,0.2468,0.225,0.225,461
462,157.3333,150.4444,150.4444,2.8833,4.7444,4.7444,0.333,0.0663,0.0663,-0.4835,0.2725,0.2725,462
463,159.4444,159.1111,159.1111,4.7944,11.6611,11.6611,0.8236,1.2856,1.2856,0.5348,1.3384,1.3384,463
464,150.2222,148.6667,148.6667,-6.1778,0.7167,0.7167,-0.3454,-0.1251,-0.1251,-1.1798,-0.2559,-0.2559,464
465,151.0,150.1111,150.1111,-0.9,5.3611,5.3611,0.5012,0.6334,0.6334,0.023,0.8628,0.8628,465
466,160.5556,157.5556,157.5556,8.3056,11.4056,11.4056,1.0263,1.5359,1.5359,0.8574,1.6869,1.6869,466
467,165.6667,166.0,166.0,12.4667,12.35,12.35,1.9162,3.1285,3.1285,1.7243,2.4706,2.4706,467
468,150.5556,148.8889,148.8889,2.0556,7.2889,7.2889,-0.493,-0.2781,-0.2781,-0.1634,0.5091,0.5091,468
469,156.2222,153.0,153.0,8.0222,8.35,8.35,0.2564,0.0782,0.0782,0.3398,0.6838,0.6838,469
470,157.5556,160.8889,160.8889,9.4056,19.0889,19.0889,1.0019,2.5865,2.5865,1.4681,3.2904,3.2904,470
471,162.4444,163.3333,163.3333,8.9944,23.1333,23.1333,1.8322,2.7469,2.7469,1.1584,4.0214,4.0214,471
472,155.2222,148.2222,148.2222,0.4222,-2.2278,-2.2278,0.0113,-0.0309,-0.0309,-0.7918,-0.1658,-0.1658,472
473,164.6667,166.7778,166.7778,8.3167,17.2278,17.2278,1.2983,2.5094,2.5094,0.6325,2.4934,2.4934,473
474,158.1111,154.2222,154.2222,2.0111,4.3222,4.3222,0.0145,0.392,0.392,-0.704,0.3005,0.3005,474
475,168.2222,166.5556,166.5556,17.6222,20.3056,20.3056,2.4414,2.8767,2.8767,2.2734,2.9143,2.9143,475
476,151.0,154.8889,154.8889,1.55,8.5889,8.5889,-0.5124,0.8198,0.8198,-0.7008,1.0479,1.0479,476
477,161.1111,159.4444,159.4444,11.8611,16.8444,16.8444,2.0432,2.3822,2.3822,2.1737,3.126,3.126,477
478,164.4444,166.3333,166.3333,10.5444,20.7833,20.7833,2.5064,3.2072,3.2072,1.934,3.3546,3.3546,478
479,168.6667,162.8889,162.8889,15.0667,14.7889,14.7889,2.6916,2.3589,2.3589,2.7775,2.2911,2.2911,479
480,169.5556,164.3333,164.3333,16.3556,15.7333,15.7333,2.7976,2.9005,2.9005,2.4237,3.0315,3.0315,480
481,158.2222,155.7778,155.7778,3.3722,10.0278,10.0278,0.4284,0.6215,0.6215,-0.1676,0.9557,0.9557,481
482,161.8889,157.6667,157.6667,8.0889,5.5167,5.5167,1.6088,1.565,1.565,1.2582,0.9845,0.9845,482
483,170.2222,173.8889,173.8889,15.9722,28.3389,28.3389,2.8856,4.1097,4.1097,2.0158,3.9136,3.9136,483
484,170.4444,173.0,173.0,14.4944,26.05,26.05,3.0595,4.3188,4.3188,2.3766,4.7206,4.7206,484
485,171.7778,170.0,170.0,21.7778,19.25,19.25,3.2366,3.6098,3.6098,3.0836,3.3065,3.3065,485
486,156.0,156.5556,156.5556,-3.0,7.4056,7.4056,0.372,0.9817,0.9817,-0.3849,0.8595,0.8595,486
487,165.2222,170.5556,170.5556,8.6722,27.1056,27.1056,2.2658,3.4739,3.4739,1.3732,3.8301,3.8301,487
488,166.6667,162.2222,162.2222,12.7667,15.4722,15.4722,3.2137,3.0683,3.0683,2.449,2.8694,2.8694,488
489,157.5556,158.4444,158.4444,4.2556,16.5944,16.5944,0.3901,1.5395,1.5395,-0.3834,2.1425,2.1425,489
490,168.2222,170.5556,170.5556,14.1222,23.4556,23.4556,3.0144,3.5878,3.5878,2.5771,3.7107,3.7107,490
491,168.5556,165.4444,165.4444,18.9056,19.1444,19.1444,2.967,3.6459,3.6459,2.9973,3.5793,3.5793,491
492,153.7778,157.4444,157.4444,4.5278,16.7444,16.7444,0.0748,1.9921,1.9921,0.3465,2.6419,2.6419,492
493,159.6667,160.0,160.0,9.7167,17.45,17.45,1.5257,1.8123,1.8123,1.298,1.8767,1.8767,493
494,163.2222,168.7778,168.7778,9.9222,19.0778,19.0778,0.9793,2.8538,2.8538,0.9222,3.0129,3.0129,494
495,168.8889,174.3333,174.3333,13.5389,25.6833,25.6833,2.8077,4.1525,4.1525,2.2577,4.1687,4.1687,495
496,174.6667,179.6667,179.6667,20.9667,29.3167,29.3167,3.4328,4.8834,4.8834,3.194,4.6367,4.6367,496
497,167.7778,172.6667,172.6667,11.5778,23.3167,23.3167,3.1217,4.8529,4.8529,2.1145,4.425,4.425,497
498,163.3333,171.5556,171.5556,7.2833,24.7056,24.7056,1.7592,3.6259,3.6259,0.9727,3.2708,3.2708,498
499,161.3333,163.5556,163.5556,10.1333,20.4556,20.4556,0.8764,2.2589,2.2589,1.0055,2.689,2.689,499
500,147.7778,150.2222,150.2222,-3.3722,4.0722,4.0722,-0.752,-0.0055,-0.0055,-1.1353,0.038,0.038,500
501,159.3333,164.7778,164.7778,6.8333,19.5278,19.5278,0.6969,2.4633,2.4633,0.6645,2.7057,2.7057,501
502,154.1111,158.3333,158.3333,0.0611,10.0333,10.0333,-0.0373,1.8955,1.8955,-1.0151,1.9925,1.9925,502
503,164.6667,171.1111,171.1111,10.3167,28.9111,28.9111,2.5504,4.1122,4.1122,2.1393,4.7165,4.7165,503
504,168.6667,175.0,175.0,8.8667,20.85,20.85,2.5744,4.5197,4.5197,1.4124,4.4946,4.4946,504
505,155.4444,158.2222,158.2222,-1.6556,11.4222,11.4222,-0.2234,1.4898,1.4898,-0.8896,1.8611,1.8611,505
506,168.1111,163.4444,163.4444,10.5611,11.1444,11.1444,3.3555,3.2184,3.2184,1.9874,2.2886,2.2886,506
507,170.3333,175.7778,175.7778,13.4833,28.1278,28.1278,2.9023,4.758,4.758,2.0889,4.4284,4.4284,507
508,167.7778,172.1111,172.1111,17.7778,23.8611,23.8611,3.3801,4.2158,4.2158,2.5561,3.8514,3.8514,508
509,171.1111,167.0,167.0,18.8611,19.15,19.15,3.7171,3.5969,3.5969,3.1368,3.1794,3.1794,509
510,167.6667,170.1111,170.1111,17.2667,27.7611,27.7611,3.9722,4.8376,4.8376,3.4595,4.6404,4.6404,510
511,155.6667,157.8889,157.8889,5.7167,17.6889,17.6889,1.3739,2.0729,2.0729,1.076,2.5339,2.5339,511
512,161.8889,160.0,160.0,10.1889,8.0,8.0,1.5705,2.4583,2.4583,1.0614,1.755,1.755,512
513,164.0,159.5556,159.5556,11.55,9.8556,9.8556,1.8546,2.1833,2.1833,0.6064,1.7962,1.7962,513
514,158.0,155.6667,155.6667,4.75,7.9167,7.9167,1.6638,1.6427,1.6427,0.9979,1.3429,1.3429,514
515,167.0,161.1111,161.1111,11.0,11.8611,11.8611,2.8642,2.5616,2.5616,1.6641,1.7691,1.7691,515
516,160.2222,157.4444,157.4444,6.0222,10.2944,10.2944,1.3796,1.695,1.695,0.465,1.3486,1.3486,516
517,162.4444,161.5556,161.5556,18.5944,19.6556,19.6556,2.6927,3.4411,3.4411,2.9959,3.6259,3.6259,517
518,163.7778,164.5556,164.5556,13.2778,19.2056,19.2056,2.1568,2.6484,2.6484,1.8416,2.8678,2.8678,518
519,155.2222,161.5556,161.5556,5.0222,21.6556,21.6556,1.3693,2.7751,2.7751,0.9007,3.3707,3.3707,519
520,162.8889,166.8889,166.8889,12.5889,20.5889,20.5889,2.9164,4.3428,4.3428,2.5708,4.143,4.143,520
521,160.3333,156.5556,156.5556,7.7333,11.0056,11.0056,2.2272,2.3942,2.3942,1.7321,2.4402,2.4402,521
522,161.5556,162.2222,162.2222,12.7056,17.7722,17.7722,1.8526,3.5805,3.5805,1.2981,4.0673,4.0673,522
523,165.2222,166.6667,166.6667,17.7722,22.2167,22.2167,3.3195,3.7602,3.7602,3.3066,3.7623,3.7623,523
524,154.8889,155.5556,155.5556,4.8389,10.1556,10.1556,0.7634,1.4858,1.4858,0.3789,1.1706,1.1706,524
525,167.2222,163.2222,163.2222,14.6222,15.1222,15.1222,2.4021,2.1018,2.1018,2.0585,2.195,2.195,525
526,164.8889,165.4444,165.4444,14.8389,17.8944,17.8944,2.1682,3.0639,3.0639,1.8689,3.0814,3.0814,526
527,158.2222,161.2222,161.2222,3.1722,19.7222,19.7222,1.0357,2.2543,2.2543,0.2702,3.031,3.031,527
528,157.6667,158.2222,158.2222,1.4167,13.2222,13.2222,0.6891,1.7159,1.7159,-0.1848,1.904,1.904,528
529,159.2222,161.1111,161.1111,4.2222,16.9111,16.9111,1.8497,2.6599,2.6599,1.5191,3.0931,3.0931,529
530,165.3333,169.4444,169.4444,16.0833,27.4444,27.4444,2.4568,3.6084,3.6084,2.1849,4.0327,4.0327,530
531,162.5556,162.5556,162.5556,11.5556,18.4556,18.4556,1.4745,2.6193,2.6193,1.0085,2.7894,2.7894,531
532,167.8889,160.8889,160.8889,11.5389,12.6889,12.6889,2.8497,2.3757,2.3757,2.0074,2.0773,2.0773,532
533,161.0,165.5556,165.5556,6.85,21.7556,21.7556,1.7632,2.7732,2.7732,0.9631,2.8755,2.8755,533
534,168.5556,168.8889,168.8889,16.1556,24.7389,24.7389,3.2663,3.946,3.946,3.0299,3.9392,3.9392,534
535,161.4444,164.3333,164.3333,8.1944,22.7333,22.7333,2.2666,2.8238,2.8238,1.8374,3.4431,3.4431,535
536,171.0,171.8889,171.8889,20.1,29.9389,29.9389,3.4207,3.8371,3.8371,3.2668,4.3194,4.3194,536
537,164.8889,163.2222,163.2222,16.3389,21.2222,21.2222,2.9799,2.7919,2.7919,2.702,3.0781,3.0781,537
538,162.3333,151.8889,151.8889,14.0833,5.0889,5.0889,1.586,0.6703,0.6703,1.4203,0.5252,0.5252,538
539,148.1111,149.0,149.0,2.3111,9.3,9.3,0.0354,0.6975,0.6975,-0.1001,1.0043,1.0043,539
540,163.0,158.5556,158.5556,12.65,11.2556,11.2556,2.1302,2.5543,2.5543,1.575,2.4478,2.4478,540
541,166.3333,163.3333,163.3333,19.1333,18.6333,18.6333,3.3826,3.5304,3.5304,3.1141,3.2978,3.2978,541
542,167.2222,166.2222,166.2222,15.2222,16.3722,16.3722,3.042,3.3065,3.3065,2.7478,3.148,3.148,542
543,159.7778,158.1111,158.1111,5.6278,13.8611,13.8611,1.3534,1.9768,1.9768,0.5953,1.819,1.819,543
544,162.7778,159.1111,159.1111,12.5778,12.5111,12.5111,2.035,1.936,1.936,1.4377,1.6901,1.6901,544
545,161.0,161.1111,161.1111,12.9,15.5611,15.5611,2.106,2.89,2.89,1.9253,2.7377,2.7377,545
546,151.8889,155.5556,155.5556,6.5889,17.3556,17.3556,1.1711,1.5079,1.5079,1.1544,2.2405,2.2405,546
547,158.2222,161.3333,161.3333,9.4222,21.0333,21.0333,1.8874,2.8406,2.8406,1.7901,3.5605,3.5605,547
548,153.6667,155.0,155.0,7.7667,9.1,9.1,0.7235,1.4827,1.4827,0.7639,1.5439,1.5439,548
549,158.0,157.0,157.0,8.4,16.45,16.45,1.2636,2.036,2.036,1.0451,2.5066,2.5066,549
550,153.8889,152.0,152.0,8.8389,11.75,11.75,0.717,1.1562,1.1562,0.8716,1.6962,1.6962,550
551,153.4444,155.2222,155.2222,7.4944,13.6222,13.6222,1.1867,2.2253,2.2253,1.1798,2.4514,2.4514,551
552,156.6667,154.4444,154.4444,6.4667,12.1444,12.1444,1.4496,1.6197,1.6197,1.3537,1.7346,1.7346,552
553,152.4444,155.7778,155.7778,7.0444,11.8278,11.8278,0.9887,2.1577,2.1577,0.9169,2.1074,2.1074,553
554,154.6667,152.3333,152.3333,3.6167,7.5833,7.5833,0.8142,0.812,0.812,-0.1732,0.6082,0.6082,554
555,157.7778,155.2222,155.2222,5.5778,5.0722,5.0722,1.1776,1.1965,1.1965,0.2969,0.1939,0.1939,555
556,152.3333,149.7778,149.7778,1.1333,4.9278,4.9278,0.692,0.8904,0.8904,-0.1483,0.464,0.464,556
557,151.1111,149.3333,149.3333,8.1611,5.7833,5.7833,-0.3571,0.1451,0.1451,-0.029,0.1596,0.1596,557
558,150.7778,147.2222,147.2222,7.2278,3.1222,3.1222,0.2978,0.31,0.31,0.4935,0.2335,0.2335,558
559,155.7778,152.3333,152.3333,8.5278,7.9333,7.9333,0.8476,0.7593,0.7593,0.4147,0.4987,0.4987,559
560,141.6667,138.7778,138.7778,-2.4833,-1.6722,-1.6722,-0.6108,-0.2377,-0.2377,-0.9882,-0.2864,-0.2864,560
561,144.7778,140.6667,140.6667,0.3278,3.6667,3.6667,-0.9246,-0.6836,-0.6836,-0.9309,0.214,0.214,561
562,153.3333,149.3333,149.3333,9.7833,8.3833,8.3833,0.3152,0.0486,0.0486,0.7677,0.7335,0.7335,562
563,160.7778,160.5556,160.5556,15.2278,18.0556,18.0556,1.8345,2.4677,2.4677,2.2361,2.8109,2.8109,563
564,153.0,143.7778,143.7778,4.45,-3.3222,-3.3222,0.2087,-0.5554,-0.5554,-0.2783,-1.0751,-1.0751,564
565,151.6667,147.7778,147.7778,5.1167,6.2278,6.2278,0.4325,0.8006,0.8006,0.364,1.1973,1.1973,565
566,153.4444,149.6667,149.6667,4.9444,7.7667,7.7667,0.6269,0.5266,0.5266,0.9809,0.6581,0.6581,566
567,149.7778,147.7778,147.7778,-1.6722,6.7778,6.7778,-0.0803,0.4093,0.4093,-0.434,0.9932,0.9932,567
568,152.3333,148.4444,148.4444,7.5833,8.4444,8.4444,1.0739,0.8719,0.8719,0.9149,1.1683,1.1683,568
569,147.6667,141.2222,141.2222,0.9167,-0.5778,-0.5778,-0.5256,-0.9198,-0.9198,-0.8928,-0.7273,-0.7273,569
570,149.8889,153.5556,153.5556,-0.1111,9.2056,9.2056,-0.0354,1.2944,1.2944,-0.3233,1.6392,1.6392,570
571,163.0,159.3333,159.3333,19.3,16.9833,16.9833,2.4076,2.5438,2.5438,2.5752,2.6203,2.6203,571
572,156.7778,157.8889,157.8889,8.7778,17.4389,17.4389,1.9942,2.6651,2.6651,1.7091,3.2653,3.2653,572
573,149.4444,145.3333,145.3333,5.5944,3.6833,3.6833,-0.117,-0.2264,-0.2264,-0.0676,-0.15,-0.15,573
574,148.5556,140.5556,140.5556,0.0056,-0.9444,-0.9444,0.1645,-0.4262,-0.4262,-0.1345,-0.4827,-0.4827,574
575,143.0,141.7778,141.7778,-2.3,0.2278,0.2278,-0.567,-0.434,-0.434,-0.3527,-0.4934,-0.4934,575
576,145.4444,144.4444,144.4444,-2.4556,4.8444,4.8444,-0.2761,0.1686,0.1686,-0.686,0.3698,0.3698,576
577,147.6667,146.0,146.0,-0.0333,4.15,4.15,0.1099,0.4883,0.4883,-0.2683,0.3181,0.3181,577
578,150.1111,149.8889,149.8889,4.6111,10.0889,10.0889,0.232,1.1104,1.1104,0.137,1.5814,1.5814,578
579,153.1111,152.6667,152.6667,5.4611,11.7167,11.7167,1.0166,1.3651,1.3651,0.8528,1.4703,1.4703,579
580,148.0,146.0,146.0,1.9,4.45,4.45,-0.4942,0.0222,0.0222,-0.5897,0.2204,0.2204,580
581,152.3333,148.5556,148.5556,7.8333,8.0556,8.0556,1.2163,0.7057,0.7057,1.3409,0.8676,0.8676,581
582,154.8889,148.8889,148.8889,9.3889,4.1889,4.1889,1.4928,1.158,1.158,1.3673,0.8408,0.8408,582
583,148.7778,151.3333,151.3333,1.4278,11.7833,11.7833,-0.3495,1.1977,1.1977,-0.4897,1.5865,1.5865,583
584,153.7778,144.5556,144.5556,2.6278,2.8556,2.8556,0.8939,-0.2794,-0.2794,0.2061,-0.4054,-0.4054,584
585,162.1111,162.3333,162.3333,21.0111,22.1833,22.1833,2.7832,3.3565,3.3565,3.4968,3.6743,3.6743,585
586,148.5556,151.0,151.0,-0.0444,8.5,8.5,-0.4443,0.6284,0.6284,-1.0693,0.8068,0.8068,586
587,146.0,147.0,147.0,2.7,7.2,7.2,-0.4951,0.4881,0.4881,-0.3963,0.8403,0.8403,587
588,140.7778,139.1111,139.1111,-10.7722,-4.7889,-4.7889,-1.2947,-1.6016,-1.6016,-2.1687,-1.7556,-1.7556,588
589,150.6667,152.6667,152.6667,13.4667,17.0167,17.0167,1.0857,2.1842,2.1842,1.9527,2.8718,2.8718,589
590,137.3333,142.0,142.0,-8.8167,7.2,7.2,-1.7505,-0.3167,-0.3167,-1.8064,0.2299,0.2299,590
591,151.0,149.4444,149.4444,4.35,8.5444,8.5444,0.7043,1.0773,1.0773,0.5878,1.1913,1.1913,591
592,150.2222,147.5556,147.5556,6.8222,3.6056,3.6056,0.3233,0.7268,0.7268,0.5576,0.5523,0.5523,592
593,153.6667,147.2222,147.2222,11.7667,6.2222,6.2222,1.4981,1.1196,1.1196,1.9534,1.2232,1.2232,593
594,150.7778,144.6667,144.6667,8.1778,7.8167,7.8167,1.3262,0.5416,0.5416,1.6171,1.0807,1.0807,594
595,150.8889,151.1111,151.1111,1.8889,11.5111,11.5111,0.9121,1.2637,1.2637,0.3504,1.5765,1.5765,595
596,148.3333,153.0,153.0,2.7833,17.35,17.35,0.8208,1.4488,1.4488,0.7777,2.0327,2.0327,596
597,149.3333,146.1111,146.1111,4.4333,10.5611,10.5611,0.9093,0.632,0.632,0.9601,1.2158,1.2158,597
598,144.3333,143.1111,143.1111,0.4833,4.0611,4.0611,-0.0222,0.184,0.184,0.2237,0.3323,0.3323,598
599,149.3333,144.3333,144.3333,-2.9167,3.9333,3.9333,0.3833,0.0473,0.0473,-0.4228,0.1343,0.1343,599
600,144.8889,140.7778,140.7778,0.3389,2.1278,2.1278,-0.9383,-0.6695,-0.6695,-1.0363,-0.3769,-0.3769,600
601,147.7778,145.2222,145.2222,1.2778,4.7222,4.7222,0.1548,0.2684,0.2684,0.0883,0.4838,0.4838,601
602,147.2222,145.1111,145.1111,0.9222,3.0611,3.0611,0.0301,0.2474,0.2474,-0.4443,0.0409,0.0409,602
603,150.3333,146.0,146.0,0.5333,5.35,5.35,1.0858,0.3983,0.3983,1.0663,0.6054,0.6054,603
604,153.6667,150.2222,150.2222,7.0667,12.6722,12.6722,1.5157,1.5876,1.5876,1.3729,2.0122,2.0122,604
605,152.4444,148.6667,148.6667,4.7944,9.8667,9.8667,1.0787,0.8057,0.8057,0.8129,1.1597,1.1597,605
606,142.0,144.7778,144.7778,-0.85,8.2778,8.2778,-0.0541,0.5103,0.5103,0.3113,0.7062,0.7062,606
607,150.3333,148.3333,148.3333,10.0333,9.5833,9.5833,1.5378,1.3858,1.3858,2.2047,1.6922,1.6922,607
608,149.1111,148.6667,148.6667,-6.6889,3.5667,3.5667,0.2287,0.568,0.568,-0.8,0.5185,0.5185,608
609,144.8889,146.1111,146.1111,4.4889,11.4111,11.4111,0.2698,0.8785,0.8785,0.66,1.4091,1.4091,609
610,156.4444,146.1111,146.1111,12.2944,6.4611,6.4611,2.6877,1.2062,1.2062,2.8782,1.1276,1.1276,610
611,144.0,144.6667,144.6667,-0.6,7.3667,7.3667,0.2093,0.6764,0.6764,0.2904,1.243,1.243,611
612,146.5556,148.0,148.0,2.8556,8.05,8.05,-0.3553,0.24,0.24,0.2183,0.962,0.962,612
613,152.8889,146.5556,146.5556,9.8389,6.5556,6.5556,1.223,0.7993,0.7993,1.1137,1.0577,1.0577,613
614,153.1111,148.8889,148.8889,7.4611,6.9389,6.9389,1.1239,0.4814,0.4814,0.9236,0.7385,0.7385,614
