,Unnamed: 0,Unnamed: 0.1,MANUAL_ID,TRACK_ID,TRACK_DURATION,TRACK_START,TRACK_STOP,TRACK_DISPLACEMENT,TRACK_INDEX,TRACK_X_LOCATION,TRACK_Y_LOCATION,TRACK_MEAN_SPEED,TRACK_MAX_SPEED,TRACK_MIN_SPEED,TRACK_MEDIAN_SPEED,TRACK_STD_SPEED,TRACK_MEAN_QUALITY,MAX_DISTANCE_TRAVELED,TRACK_MEAN_Q_ENV,TRACK_MEAN_Q_IN,TRACK_MEAN_Q_IN_BEFORE,TRACK_MEAN_Q_IN_AFTER,Protein,FILE_ID,SET_ID,X_TH,Y_TH,CONFINEMENT_RATIO,Area,Radius,Ecc,Cell_X,Cell_Y,C,B,Tau,Tc,Offset,R2_C1,Dur,To,Mat_T,ID,To_CH2,Tf_CH2,To_CH2_TfC1,Tf_CH2_TfC1,FR,Imax_C1,C_C1,B_C1,Tau_C1,Tc_C1,Offset_C1,Imax_C2,C_C2,B_C2,Tau_C2,Tc_C2,Offset_C2,R2_C2
0,0,2,Good,1852.0,8.74,196.0,272.0,0.0163643402128876,1852.0,370.6259346963993,274.5739380523416,0.0699311080666968,0.1866732900823079,0.0119079822672043,0.0664605442291759,0.0402184834450653,5.687953701266995,0.7015536490993226,0.0123384475708007,4.534670599955329,0.0338339124407087,0.1014460003565228,Sec2,9,0,370.6007284426704,274.5905687030732,0.0030790340938639,478.54748493784,12.3766802425997,0.998750461954474,50.4467762755536,42.037191844025,19.807894386656898,1.080112082314489,4.246339988403867,0.2788823584283655,-2.835029811843543,0.8738711178982221,8.74,-3.91,2.996593064521217,12.0,-1.38,6.9,-10.12,-1.84,0.115,22.39723333333334,30.57724765037359,0.8000000008849464,5.4138567203234045,0.2625312595131417,-9.815259938652133,17.22778333333334,11.95057460835543,4.999999999748836,5.6101986524833825,-0.365163681509995,-0.7735970528855065,0.6022676368969332
1,1,5,Good,783.0,6.095000000000001,131.0,184.0,0.8813265950544931,783.0,164.87437443882186,493.644541793332,0.0923138782322005,0.5350040160740027,0.0085989615049035,0.0741969655319078,0.0884028075031832,4.433442009819879,0.8813265950544931,0.7345209510238081,4.0093039367424606,1.0912549457852805,0.85706180996365,Sec2,2,0,164.9027207341477,493.66424886187497,0.1801333017170642,838.399733429288,16.3388489748993,0.999629267948281,48.9994603343291,51.2642767625367,11.773631773005896,2.1932713700604163,3.91069556668365,-0.636745288300518,-5.927670219395059,0.7782113035080349,6.095000000000001,-3.91,4.682566090442023,60.0,-3.565,8.280000000000001,-9.66,2.1850000000000005,0.115,10.04721666666667,12.092191483191089,2.375642957339485,3.7220996788655083,-0.6904668703733039,-5.523165601801484,17.58983333333334,16.74832775379076,4.999999965900443,5.607267464690254,-0.91714991815304,-6.30453398642411,0.7615028513390248
2,2,6,Good,1209.0,4.83,182.0,224.0,1.375223984104463,1209.0,351.2893214050646,413.1967392961137,0.092024729689327,0.3249524710470519,0.0114777854651452,0.0596451117819518,0.0836850370029935,6.427748924077943,1.375223984104463,0.420866567035054,4.747346528124748,-0.2286930386982266,0.3827651493133061,Sec2,2,0,351.2754828713676,413.1139280502572,0.3558111857921643,607.783262916896,13.9415566546012,0.997236040731815,52.8296869935605,39.0544900806274,19.45502054005684,3.402913186019762,2.298864065044305,-0.2558902512120573,3.806771951078447,0.9015757695882849,4.83,-2.53,3.3032579367891373,61.0,0.0,5.75,-4.83,0.92,0.115,28.44168333333334,21.32792190952525,3.4977960092617355,2.267642628826598,-0.2521322047534378,4.745187941378831,111.17685000000003,102.82584005993023,0.8000000073998969,1.7723207204103653,-0.8166905648396812,10.067625865967825,0.8956578906788569
3,3,7,Good,910.0,5.405,98.0,145.0,0.350365162329009,910.0,302.55775484346,329.8625065690176,0.0854453632674609,0.3283423579603137,0.0043716236719056,0.0671240330996361,0.0704306716117702,5.527612050374349,0.9608882322192632,0.360869065920512,3.47800350189209,-0.0609627375527033,0.7247875153072296,Sec2,4,0,302.51895546908696,329.8621907066665,0.087243796934415,457.957464752734,12.0907184454016,0.999194295193744,48.2899902281004,46.1379126465468,16.503642626969675,1.2435608833346203,1.403433615173777,0.6874316589589489,-0.0409383749247476,0.7098485365089753,5.405,0.0,1.1357135537878342,66.0,0.23,5.98,-5.175,0.5750000000000002,0.115,21.528700000000004,21.891466251349428,0.9169856104516949,1.6482020034294609,0.5286572039225086,-1.987900687625517,38.985200000000006,32.09615652043448,1.67243702787191,2.4355019084444223,-0.6107826492912707,5.050868391295639,0.829633064164582
4,4,8,Good,2455.0,9.775,228.0,313.0,0.4569332789010361,2455.0,223.0882297282832,406.5932017712684,0.0507338774159643,0.1417653036916857,0.0096810223055675,0.0457899455794414,0.0280778050952013,6.101292410562205,0.6126841181141965,0.1297862064006716,4.480009581691536,0.7432208893791078,0.8222440235198489,Sec2,4,0,223.0798585591756,406.5826661720296,0.1059585016547207,790.948773573536,15.942180667154,0.99600941232408,27.7967580936695,44.4806634466562,16.642875725662137,2.137923640358096,4.313393790347073,0.8962712517133458,0.9056524417091428,0.8343158818353871,9.775,-3.22,5.096605818270825,68.0,-0.805,11.73,-10.58,1.955,0.115,24.700000000000006,18.640647246171113,2.201525177342476,4.20321049117344,0.8764773044133172,2.4905202203368395,40.938900000000004,22.24116533169793,4.999986254051336,4.847305671201106,-0.7738996849409032,10.936884951821051,0.7527154933313807
5,5,9,Good,997.0,8.97,172.0,250.0,0.5641436421901299,997.0,295.89759493946946,675.3352870081069,0.0655712104552652,0.1799744330972825,0.0040146803502299,0.0597866594423215,0.0389348935130854,5.536264540273932,0.8774062405077525,1.1035969384108917,4.724175685233374,0.7649485270182291,1.024597137693375,Sec2,5,0,295.9000044112594,675.3450172482663,0.1103016208957093,849.768319258076,16.5009018142385,0.997161963366446,38.3307795303867,24.1788434669418,11.64189438335201,4.999999229095288,4.27057752670868,-0.4865292701612875,0.1061947875595838,0.7520689865723319,8.97,-4.37,6.820000078623235,73.0,-0.5750000000000001,8.625,-9.545,-0.3450000000000006,0.115,18.126866666666672,12.230908312867408,4.999999998813878,4.122271507703475,-0.5981243744046885,1.554178288711556,25.33426666666667,22.49202858725013,0.9853563844368267,4.334808672895601,-1.42745111601613,-1.0655024997522229,0.7444303531090755
6,6,10,Good,417.0,5.865,101.0,152.0,0.8729978222991741,417.0,83.90815740344071,299.04685291027164,0.064445261605716,0.1511022286508042,0.0032460345286532,0.0609894339678202,0.035039794424934,4.66090437082144,0.8729978222991741,0.6960179475637582,3.3201781867915736,0.7494285220191594,0.8702763148716519,Sec9,0,0,83.89518104348109,299.0629292249165,0.2656146306540755,591.341611478801,13.716029629109,0.99947800583932,35.7517338154815,36.6647652293561,16.802925939188324,2.560163571219331,4.767339427319317,-0.6161381036235212,-3.289172481489297,0.7321820422023164,5.865,-5.175,6.143771293773751,0.0,1.265,8.280000000000001,-4.6000000000000005,2.415000000000001,0.115,18.637016666666668,17.670388593785344,3.210341840550708,4.508245792887057,-0.6110026716126846,-2.994825837716503,20.386133333333337,48.0685940533435,0.8000000000001929,7.055677188416359,2.271664977292494,-29.39497436104058,0.8823933952219575
7,7,11,Good,470.0,12.19,84.0,190.0,0.7900275911249814,470.0,180.01428413376647,297.64093215781224,0.0792247556091049,0.4455224684551764,0.0074861345278519,0.0669459568343525,0.0685543682258533,5.127306144928264,1.0245840443857743,0.7539847507655068,4.494165394784009,1.002313704717727,0.4056183042980376,Sec9,11,0,180.00667690647634,297.6107389517227,0.0940752726216633,313.325480647787,10.0014087860369,0.998841784679679,44.7348837342154,45.1970347912051,18.42508147253137,1.4431823412417992,5.392644851239642,-0.5487519027261936,2.1851291824911425,0.7683774009039582,12.19,-5.75,4.945749899497479,3.0,6.095000000000001,14.375,-6.094999999999999,2.1850000000000005,0.115,28.595383333333338,30.032200041706343,1.1426563708887096,6.985923898827311,-0.5792293004059514,-6.040906449080702,27.607400000000005,12.041404794768143,2.832290664405982,1.9698444372997723,4.67321660253444,11.45957761108543,0.3817451388544053
8,8,12,Good,701.0,10.925,137.0,232.0,0.4018326134705834,701.0,351.7940152779791,289.53990462434234,0.0572349166557101,0.128122312320842,0.0060770488651161,0.053963764200042,0.0275325343283075,4.264439026514689,0.6851676965042891,0.4809339274962742,3.510096565440848,0.244135508461604,0.4701181744772291,Sec9,11,0,351.7752248625003,289.52608099459763,0.0739027368440995,1055.75582885376,18.474588875652,0.992110905714568,31.9715503403804,57.8894904725176,13.623075781365872,1.4899935363041297,6.027311745792328,0.1558251741612917,0.0950247208330714,0.7779131391268623,10.925,-4.945,5.6648939915330105,4.0,7.36,13.915,-3.5650000000000004,2.9899999999999984,0.115,20.932400000000005,145.94254075492776,0.800000846731198,30.678385399015642,0.1431472349570031,-128.95187248236414,20.779616666666673,14.368047943313943,0.9862770488382007,2.881670146366112,4.388776992278494,4.289594644942759,0.6237000332938462
9,9,13,Good,1476.0,11.96,248.0,352.0,0.5408860221029358,1476.0,181.05043909883125,293.1391424595053,0.0478033484080537,0.2018543371569978,0.0042839573219054,0.0422926717284643,0.0334523977572368,7.31413094656808,0.915881726889578,0.6366760453723724,5.853478172342611,0.6844796074761286,-0.1166456010606553,Sec9,13,0,181.025257347976,293.1662585271079,0.1087962937493454,371.046226050018,10.8941300764906,0.999335055425269,41.9552094888521,39.5518809723674,25.248528801764166,2.1603083293662406,5.381488799271122,0.2540493416695168,1.4780756416018217,0.9288183366296159,11.96,-5.405,6.393412926151598,10.0,4.140000000000001,15.295,-7.82,3.334999999999999,0.115,35.26943333333334,27.518639862642864,2.2388118556908028,5.224927436977497,0.25600881897288374,3.32629842352732,30.768516666666674,25.835671441234407,1.5307771245665056,5.928306716827739,3.9144597478679968,0.9752644488264868,0.8149043854681483
10,10,14,Good,2772.0,11.27,292.0,390.0,0.8722728562996191,2772.0,84.5217842125593,596.283059416856,0.0874877809937768,0.7166956454186365,0.0056680172790805,0.0682354702243011,0.100799692608091,5.301665026732166,1.2551502108432675,0.286838589292584,4.37367481869613,0.1487555428156777,0.8126113225543311,Sec9,14,0,84.50213234958471,596.2534586532929,0.1017369892175216,810.938496403411,16.1140013867831,0.997790919974023,52.7386397402078,40.6551645095041,12.092060766220037,3.208605828748809,5.124201353753247,0.2335268159630557,1.707014687532053,0.7660155287389566,11.27,-4.37,7.217041091762309,12.0,7.705,11.73,-3.5649999999999995,0.4600000000000008,0.115,22.33981666666667,14.712388438401263,3.0390535432147843,5.150007416859275,0.2649411510980739,1.7074477052151964,12.069433333333336,9.997364887769525,1.0342563064131924,2.7672575881725705,4.372941455982859,-1.5220662057689922,0.5789249582914664
11,11,15,Good,266.0,10.58,33.0,125.0,0.5944895181513584,266.0,323.2033843358529,640.6166818204931,0.0396537660970961,0.1581001302322558,0.0016350287336643,0.0346192577162141,0.0224529495991907,7.869900529102613,0.6598435920649113,0.693145534556399,6.7090350872299584,-0.0175009227934337,0.7912765987335687,Sec9,3,0,323.1853602183064,640.6361137630474,0.1629565921375326,263.328892886667,9.15951319895351,0.99995398940114,41.4593958399868,47.5462010894035,28.77774551906642,1.7750051825824067,4.438146475858029,0.5618918115830827,0.8449551566901705,0.7939312129344668,10.58,-4.255,4.709018834424908,19.0,5.0600000000000005,12.19,-5.52,1.6099999999999994,0.115,45.26666666666668,39.982069396090886,1.276274566864748,4.794782755627276,0.7252780368256575,-4.064519868420944,38.72408333333334,37.66177589983005,2.6972808837260285,2.8315833082424837,3.727971377637814,-3.6707441172137645,0.9261779501076564
12,12,16,Good,679.0,13.11,141.0,255.0,0.7015692219849109,679.0,90.92848724250344,496.7120055861709,0.0415925065715223,0.295756685822829,0.0067727962041001,0.0358507025596768,0.0320118271076094,6.954160607379416,0.7673338836001079,1.0086161290044366,5.087345989430009,0.9321103777204242,-0.0313288370768229,Sec9,4,0,90.92575901488829,496.7118606480889,0.1479621328361416,996.685600411582,18.1232154513461,0.986212831879007,35.5178000446345,26.43904229448,18.21370614530156,2.7553663064951257,6.79488802072223,-0.2667827444722164,6.909592722718876,0.7805110038688835,13.11,-6.9,9.033653860964268,22.0,4.025,13.685,-9.085,0.5750000000000011,0.115,35.87131666666667,24.564213041857577,2.3148717018156835,7.249356553568292,-0.2866774871549467,4.6521378184625775,21.069450000000007,19.859500575664466,2.9669873809270957,5.83577436407884,2.0740176260208063,-5.4621622855874135,0.7994218122579146
13,13,17,Good,255.0,8.625,53.0,128.0,0.6499608154987744,255.0,59.63537532965376,283.99368365211427,0.0599768764476954,0.2000505755673995,0.0076200871153847,0.0526658292071476,0.0383015230750142,5.139324288619192,0.7867665702325521,0.4458645368877211,3.759767114070424,0.8034540206666977,-0.2802586328415644,Sec9,5,0,59.62743250529711,284.0124518501472,0.1444914226936765,271.999561863923,9.35593483281265,0.998541074441763,37.6596107125432,40.7190782707017,13.638213093529696,4.851007882630671,4.44298545920933,0.1119189427279971,1.247591970419312,0.7312350663235307,8.625,-4.025,7.046459566147181,29.0,1.15,11.155,-7.475,2.53,0.115,22.00555,14.209001591886096,4.999999965630257,4.365913764597248,0.05168765725647706,2.9997468435118417,21.599066666666673,18.468790302279714,2.007527157500917,5.0066042389826135,2.5839837410144155,-1.8490213616100242,0.7609499332386159
14,14,18,Good,1217.0,9.775,177.0,262.0,0.8566382573262303,1217.0,322.665349001188,82.61323224534927,0.0778142946028706,0.2186124255983929,0.0093554991575348,0.0684014984987242,0.0515452116424545,5.226795107819314,0.8566382573262303,0.0944973091746485,3.3950969883329822,0.6360437907869855,0.109627193874783,Sec9,7,0,322.66617321200283,82.57729167132283,0.1295147272933414,1023.8421434053,18.3708205250772,0.984551146965728,57.5447482138896,45.3487001134467,17.179712423115237,0.8000000353705019,5.521437512553581,1.3448469207847698,-2.7169298594273874,0.6623987261965746,9.775,-3.68,2.705551866016011,34.0,4.6000000000000005,11.155,-5.175,1.379999999999999,0.115,21.004650000000005,13.488436087761393,2.0659979514028732,2.4693735063126203,2.097609191690574,4.963741187400753,18.023150000000005,9.728890041725327,2.9798242131970065,2.841620992926531,3.7104865525232387,6.352035514812881,0.8001041997036192
15,15,19,Good,1386.0,10.12,205.0,293.0,0.3496562282246755,1386.0,323.69606638195233,86.12824265901078,0.0674841101969192,0.1684366085952852,0.0081978215474306,0.0638078795532466,0.0348685697313472,4.884659113508932,0.9044954591589116,0.7673027852947791,4.146248982937895,0.4902963941059415,0.8895335727267796,Sec9,7,0,323.6974581171561,86.1136248048613,0.0588785451602088,895.248515499106,17.1000635260591,0.98918137818921,54.5434337535288,41.2512963271395,11.449136166733185,4.999996811242645,5.294514808563394,0.2276488382865951,-0.8988965052721645,0.7401877214062287,10.12,-4.6000000000000005,8.455200088387652,35.0,4.945,14.03,-5.174999999999999,3.91,0.115,17.260200000000005,13.797820919563549,4.999999999396393,5.352932188143791,0.2540966982652506,-1.5523326426344084,24.971300000000006,9.968250878508881,1.9937142890517092,5.064741517211653,3.604694330485478,9.383702999398192,0.5315963230008858
16,16,20,Good,699.0,8.51,159.0,233.0,1.287975317618597,699.0,233.190304817124,321.54639831876864,0.0943181843744349,0.7130729550017588,0.0,0.0717299295365522,0.0973281112767959,4.1194302876790365,1.287975317618597,0.4014371287027994,3.1303748801902485,0.4466554853651258,-0.0742254711332775,Sec9,8,0,233.15823128853484,321.538951972809,0.1845356966437653,678.501999652567,14.6999478566304,0.999292619336408,42.6941658546391,52.8264802498814,13.12194693219033,2.059365487990396,4.768438741629897,0.2102315827723728,-1.4593781455894244,0.8339780967489148,8.51,-3.91,5.522287465707542,39.0,2.53,11.385,-5.98,2.875,0.115,17.946300000000004,15.474895535054806,1.9416051169057635,4.779434268681909,0.19639378100292681,-1.655079636614619,20.528700000000004,12.133596103514893,1.4224570427563177,3.9119738148625642,1.8175506602544491,5.298324732730643,0.7528228325046471
17,17,22,Good,1137.0,11.155,116.0,213.0,1.1821648286122062,1137.0,61.36118266133624,246.76554637983887,0.0565694005908008,0.2716259471452808,0.0001622731298583,0.0448068776736514,0.0418188104008539,5.568074596171477,1.1821648286122062,0.9348175107216348,4.4684134286547454,0.9456649356418186,0.3129180726550874,Sec17,9,0,61.35706846884509,246.7574335310443,0.2154391976416677,757.434832513496,15.5485160352058,0.999727065106144,34.4257438322428,37.7792121102021,18.248822440696767,3.931554868051089,5.559454831741986,0.2563646093394789,-2.2203931812275464,0.8525785405193258,11.155,-5.175,8.35160875901136,3.0,9.66,15.065,-1.4949999999999992,3.91,0.115,25.12313333333334,19.36555870253064,3.9058122960287145,5.437451011901716,0.20839145600247022,-0.8147100330209133,45.507433333333346,8.98000573495934,1.6037488259569859,3.9373197970914067,6.583893459557308,17.563095126460198,0.2395173090306133
18,18,23,Good,2966.0,5.5200000000000005,266.0,314.0,0.7614449116210615,2966.0,52.81791104698256,627.267833860133,0.0860164327787354,0.3115176561075555,0.0080117418295538,0.0621546927979749,0.0698140480818153,5.422324511469627,0.9967080626469662,0.9850525291598572,4.942857668783659,-0.0728055257645864,1.0363817063588945,Sec17,9,0,52.810725628342105,627.2538073446059,0.1844233147819372,881.924613276876,16.8064920380267,0.997543527963518,49.0492254702673,28.7969912332681,21.23261160175185,0.8000000066746358,1.8275810356573543,0.8008784770033461,0.3314707121595868,0.7641152568354475,5.5200000000000005,-1.035,0.8955303796555459,4.0,6.095000000000001,12.19,0.5750000000000002,6.669999999999999,0.115,24.794433333333338,23.91995631904294,0.8000000070862592,1.5496159672990344,0.859258131847386,1.6842399672272792,43.576866666666675,21.370292704453753,1.2213920270519165,1.9841793552905425,5.4016336390939665,16.075790249630582,0.4459644504551741
19,19,24,Good,730.0,5.635000000000001,57.0,106.0,0.8011539635119828,730.0,370.714627995089,155.0733696465901,0.0820372133508899,0.3342787690997723,0.004612328014964,0.0692134063666288,0.0615426501858446,4.202841567993164,1.1745787370450589,0.6990955276489258,3.938235931396483,0.6113080221509176,0.7437742021348743,Sec17,12,0,370.7628922703192,155.0837109230054,0.1993007833904209,462.755122422185,12.1871952416197,0.997365788408958,41.8815606886238,40.4796322790564,17.087484810627462,1.4010267521168145,3.985484736368656,0.2513627330440648,-2.2797657615002733,0.8139233547493981,5.635000000000001,-3.45,3.5704531044628016,11.0,6.44,9.775,0.8049999999999997,4.14,0.115,20.048150000000007,17.859355034384496,1.679075449811755,3.788927534785751,0.19360177997771677,-1.4447780906730294,47.673166666666674,41.28857760594229,1.1168778572616584,1.1161680947905812,4.759073515477643,7.991768681561725,0.6000743936344183
20,20,25,Good,1629.0,8.395,100.0,173.0,0.3812778109226259,1629.0,404.4512851332616,537.8807479612555,0.0730149343152974,0.2836644677468246,0.0028754963705949,0.0723344903995015,0.0468211890068639,4.989547317092483,0.6232127330221717,0.442716763470624,3.4172518962138394,-0.2392028324187748,0.7842379978724887,Sec17,13,0,404.4620762041923,537.8712039349961,0.0715330878572689,811.336579858095,16.5979559481986,0.976225591207189,41.8026343812735,45.8774109561223,11.776627430299603,4.381277357423826,5.827877284836895,0.5157838324366679,-0.8440369758057632,0.6624992281514821,8.395,-4.83,9.015845690645486,17.0,10.81,16.79,2.415000000000001,8.395,0.115,17.48795,14.210503904102612,3.6888352897817622,5.961082378068014,0.4095474714111731,-1.7129809890813938,52.44260000000001,26.891080768454035,0.8138937909985829,3.4208920106975405,11.87760434886539,6.4339643934142865,0.2580901858516449
21,21,26,Good,6548.0,8.74,291.0,367.0,0.409870800480631,6548.0,97.12272832734548,658.8667570692635,0.0552877353497123,0.2214463567491274,0.002348027079986,0.0473843193937222,0.0367036321925531,6.307207677271459,0.8508678591848264,0.0910301134183809,4.3192725849014,1.0953474196176682,0.9832890222943018,Sec17,13,0,97.1469433355648,658.8837930914281,0.0975449042055469,561.134136093989,13.3866908582293,0.998184082492936,51.789819687408,39.3113698028371,18.01313929798386,0.8000000004513382,3.498989756300338,-0.8979515758539538,7.799343482858125,0.8394127340683,8.74,-4.140000000000001,1.7145349669596486,23.0,7.475,12.305,-1.2650000000000006,3.5649999999999995,0.115,30.391666666666673,19.878353970356443,0.8000000096870802,3.104742638188701,-0.9132730290253788,9.822856725248956,79.13333333333335,35.71693502219314,1.2856207408506826,3.7497051021217347,6.441152823449656,23.509021932724576,0.6404618817460807
22,22,27,Good,2756.0,6.9,191.0,251.0,0.3656418694240479,2756.0,433.12838859988057,251.6388137468188,0.0616002748057655,0.1693798942149377,0.0076758771605142,0.0575378005894802,0.0350172820488797,5.188460428206647,0.5313841276433687,-0.0416137429534411,4.306781365788918,0.0551305498395647,0.9594677213638548,Sec17,14,0,433.1227013148069,251.6543921851093,0.0989286358913623,709.423567015926,15.0685157360918,0.997285191260461,44.8358824989351,28.7168067813263,15.693617234231157,3.3728042830606286,3.769010198566985,-0.0727908786788016,4.708456098026398,0.8949572497838914,6.9,-3.68,5.39976163547701,29.0,7.36,13.455,0.4599999999999999,6.555,0.115,27.10463333333334,17.63860222493806,3.7453053986109683,3.7356215529483308,-0.05545440679589264,5.44899327515805,47.879633333333345,29.600283800012384,0.9483634206356757,2.7153502042961595,7.68722992409044,8.401309165945449,0.6772424496178937
23,23,28,Good,3423.0,6.67,232.0,290.0,1.00410072884865,3423.0,428.6557121420982,333.10362885854613,0.0707888785412343,0.230454028658265,0.0058110841377844,0.0614489748454029,0.0502535091367447,4.47210770946438,1.053775240468417,0.4377087463766841,3.982624671777988,0.7132364000592915,0.794781215607174,Sec17,14,0,428.6582665431616,333.1008481206627,0.2445593416455805,452.305313917593,12.0025852560187,0.998862173059983,47.2514972709354,50.197796859958,13.04068839059517,4.999999982020345,3.497628492437708,0.1970548390422273,1.6770751221006397,0.8660428981882218,6.67,-3.105,5.585620973410277,30.0,6.325,9.545,-0.3449999999999997,2.875,0.115,20.349066666666673,14.496483515177449,4.999999958792791,3.4775209198158574,0.1989754698212134,2.068108303756423,29.93796666666667,7.317435302278639,1.024389041674347,1.3877851418941516,4.425969450142997,11.691074001412954,0.3048359802784425
24,24,29,Good,3646.0,12.42,251.0,359.0,0.3027623899720801,3646.0,258.46303860462586,659.8706477786205,0.0586588976646965,0.2808316518713694,0.0054347772848049,0.0517937087265404,0.044421469349738,5.370629686828053,0.4047721588715111,0.7685674063656305,4.520368321347795,0.4967767624627975,1.098941681877015,Sec17,14,0,258.456710577417,659.8667325852625,0.0477907968664684,648.288412093968,14.3703236314324,0.999490717132659,39.9459998736636,53.0451675150942,13.96236315486296,1.5055954196115755,6.2986296180852905,0.6879494016109948,-2.2677495513735866,0.7224093422292768,12.42,-4.715,5.966405154229975,31.0,9.545,20.24,-2.875,7.8199999999999985,0.115,17.164783333333336,16.330865103143175,1.5012527760918306,6.482445396993685,0.6001703507000853,-3.611052794881761,60.58055000000002,13.662629288578298,0.80195048666333,4.103461847300368,6.755549904089002,30.177769371360565,0.30057437438539636
25,25,33,Good,1124.0,5.635000000000001,120.0,169.0,0.3817171305968955,1124.0,467.00682619230975,380.59509678800407,0.0384235176921575,0.1092482888594598,0.0069751030169979,0.0371234060750582,0.0228600848211188,5.171895294189453,0.4770855426782677,0.6784114913940431,4.294492085774738,0.9353775145515564,-0.3706271156432136,Sec18,11,0,467.0087653648235,380.6104894451455,0.2027442043385541,538.228047536274,13.0883074372689,0.999683992490518,31.5310866225066,48.2589476629947,15.652090451378111,2.977623431402961,3.7343503848406496,-0.3445569076873602,-3.64396394015394,0.8135383049842106,5.635000000000001,-3.91,5.118396904855788,12.0,5.405,9.775,-0.2300000000000004,4.14,0.115,18.657400000000003,21.576081836765454,2.1960413638211884,4.0494970376210775,-0.4514283256606526,-6.344253464159532,35.76390000000001,13.777383367003118,1.2462748030929947,4.416605517529351,3.6402846587077793,2.4525688976874425,0.30001254567046587
26,26,34,Good,1137.0,3.45,116.0,146.0,0.9999012779559642,1137.0,327.80561231251374,343.92089328954535,0.0995490185449219,0.3482839138284588,0.0093142094438231,0.087193374581466,0.0769944157619114,4.46727309688445,0.9999012779559642,-0.1996467405749905,3.1349893795546664,0.6409463731069414,0.5698127141074528,Sec18,11,0,327.81581921539123,343.9380932939061,0.3348103586123512,684.013616637953,14.802606053146,0.998361255987196,51.623470302736,42.7398404860007,9.196330864353222,1.6895968846139997,2.9188453856721064,-0.002105430300427,-0.8302102067442915,0.6181728336368624,3.45,-1.84,2.9993251226134245,13.0,4.485,7.82,1.035,4.37,0.115,12.912050000000004,13.235012858300214,1.3213592931725737,3.4782415216099296,0.019638786131953134,-3.3701886167988295,53.09815000000001,8.74060552597545,4.481444791691784,1.3331522734011152,4.974798932611075,18.46064716515617,0.30375139534097906
27,27,36,Good,336.0,9.43,35.0,117.0,0.481410702087053,336.0,275.09855441411185,426.0648263249509,0.0560930954851722,0.1601566534444523,0.0107636213208427,0.0525186132124475,0.0286693748071919,5.11490621911474,1.0750490480486368,0.9955087776643684,3.835393147296214,0.1132691398499504,0.3336567954411583,Sec18,14,0,275.1098874311945,426.0731747820059,0.1046628318475633,474.801972444652,12.3437598578591,0.994980256812387,40.2900237472385,37.6776138916329,18.74388330881929,4.999996041294221,4.845471041762309,0.0669179620867845,-0.614280995839979,0.7792640870967318,9.43,-4.715,7.738088803641623,25.0,9.43,12.995,0.0,3.5649999999999995,0.115,31.54628333333334,23.526178477702913,4.99999822378039,4.9410712547248945,0.04406863809692929,-2.350219594879144,36.14258333333334,6.6917106709305445,3.3238261352652225,1.607066374106769,7.2825696821849935,14.976242448022028,0.10341451679991442
28,28,38,Good,545.0,7.13,101.0,163.0,0.7868186493148882,545.0,438.5937804123761,652.5671317373527,0.1074557175399077,0.6808857204946348,0.0223988591048976,0.094173917943392,0.0910350364380193,4.063201540992374,0.7868186493148882,0.1348051222543868,3.337664131554767,0.4075704302106583,0.0336075737362816,Sec18,1,0,438.6148008980433,652.5552542434041,0.1181009597868411,549.536506916962,13.2203350797583,0.999546072338173,42.9731007288413,49.2845022129058,19.40176928576997,0.9236728662061436,4.046544494508313,-0.191677576886676,-0.9116691076498192,0.802078387570695,7.13,-4.140000000000001,2.393718391283643,29.0,7.36,11.845,0.2300000000000004,4.715000000000001,0.115,23.500000000000007,25.721187865878576,0.8000000315378188,4.648261468020527,-0.2338026282526382,-3.616020005379652,25.135183333333337,23.435885941966873,1.0285176078301752,3.797167985975518,7.622189356213955,-5.68731547315039,0.5092136100247224
29,29,39,Good,3521.0,8.625,316.0,391.0,0.6434158339696029,3521.0,282.00533629961353,32.92992281802503,0.0462519713321759,0.1704741335800451,0.006214608795124,0.0394697057536919,0.0290084602385186,6.38047278554816,0.6556650547831407,1.092971051366706,5.3963906974123255,0.7271110292464967,0.6580340975806828,Sec18,3,0,282.0232890512828,32.94145865684945,0.1854813435874745,583.887551275457,13.6519326105489,0.999951492757044,47.468952333281,43.8776746189402,18.7281141487322,1.280861451093162,4.359113160241932,0.8866089988679171,-3.301445442991191,0.7715333099616837,8.625,-3.335,3.621749826692619,35.0,8.05,14.375,-0.5749999999999993,5.75,0.115,21.11946666666667,20.06305430483492,1.3698144469047797,4.13452574914176,0.8696666730460114,-2.5354546663472672,24.912050000000008,7.704221634451876,0.9581293122514992,5.7163323546679665,7.819571238257415,0.6601198399634018,0.23002007027715887
30,57,77,Good,13256.0,9.72,309.0,390.0,0.676409551903726,13256.0,201.905364558922,369.659860309279,0.056074994561956,0.135402720248339,0.009764572956161,0.052295029311022,0.029130103111738,4.69118806792469,0.782654503799833,0.496122653309892,3.25150309927095,0.76234971909296,0.200984076848106,Sec9,0,1,201.910375159013,369.641653397245,0.148920838493552,707.675628212824,15.048029092396,1.04997521672701,28.3197908911144,36.3153372262853,10.1935454649746,1.2295010230468,5.20183032276599,-0.342425929686371,3.18574097586057,0.6667967448667594,9.72,-3.72,4.16619442008581,,3.48,11.88,-6.24,2.16,0.12,18.287033333333337,15.10119574538951,1.0318119494519764,6.4484850029988525,-0.4060721144223125,-0.5600157324146093,15.842583333333337,15.289183557697715,2.486684640448326,4.8518488458165905,3.08831237583353,-4.0700670772498375,0.7921893458408761
31,58,79,Good,4437.0,7.68,130.0,194.0,0.24523880029133,4437.0,306.884791330726,148.260720979905,0.050856058633939,0.119980254667664,0.008122521034829,0.045807726998716,0.028059466109722,5.04574496929462,0.283445963473371,0.503982388423039,3.66063523251786,0.668079088604639,0.060720655653212,Sec9,9,1,306.897742934553,148.256063913785,0.075347094475678,1031.71913531895,18.8089142321918,1.23140915476438,47.4292574685178,53.9669327824137,11.2996118928526,1.68012720938969,4.34028804552326,-0.14310832366666,2.60047909571685,0.7080580884178651,7.68,-3.48,4.44325148720908,,0.84,10.8,-6.84,3.120000000000001,0.12,19.333333333333336,12.042873671726015,1.8549908482511133,4.281918982384057,-0.1809151215866982,4.194211717505687,18.306466666666672,18.552448391477526,4.999999982727893,4.795103055011123,1.868840471341759,-4.596541437326747,0.8099339847282989
32,59,81,Good,4941.0,6.0,108.0,158.0,0.900494482484507,4941.0,712.747370733533,48.0577517946927,0.077923443818897,0.266350165181309,0.007177485403338,0.066712270793062,0.054125973163871,4.70324677112056,0.900494482484507,-0.118621930889055,3.51502714801198,0.943924222673689,0.856459693303184,Sec9,11,1,712.783239667561,48.0546000991083,0.231122865816188,1453.74571646766,22.3253553239308,1.18705728641062,25.8358887109101,33.6339096462774,11.5701311686596,4.99999961012003,3.09054792679855,0.079119400950562,3.34779505204033,0.6975056409299323,6.0,-2.76,4.93552390359163,,-0.24,8.04,-6.24,2.039999999999999,0.12,22.016666666666673,12.133535939388153,4.999999988256141,3.0506442738096373,0.060249503541264904,5.672125430462101,26.44538333333334,11.189915174708224,0.8000000346969249,2.98181291603045,1.5259342649330176,12.865500040741857,0.4602087108491826
33,61,85,Good,15460.0,7.44,249.0,311.0,0.40898638304621,15460.0,232.369010758624,263.481290769279,0.129083771156737,0.673267346613786,0.007204547723899,0.089426400778785,0.144355673266909,5.05373721652561,0.962866400583889,0.258183860778808,4.49449114656532,0.323850419786241,0.223867931063213,Sec9,11,1,232.401473493612,263.519305903471,0.051102896252168,878.956070795346,16.9102120094519,1.06679170354028,24.8293101859878,51.1262536689652,11.5027611054776,4.47992027095026,3.99520723580238,-0.132811258517344,2.33911199224652,0.81176518399129,7.44,-3.72,6.21571706370859,,5.88,8.879999999999999,-1.5600000000000005,1.4399999999999986,0.12,18.98243333333334,14.14082013197303,4.337626747285218,4.159708578672733,-0.18985973338882633,0.7411773605987676,12.385200000000001,9.267052253913254,1.5438360349208367,3.8780728860381037,2.856808112131115,0.8056466062096437,0.3974938830275092
34,62,86,Good,15524.0,12.84,247.0,354.0,0.754256958034009,15524.0,901.791332389999,288.635898680123,0.063545028528129,0.173092789680328,0.007115942660966,0.06248371202764,0.034840363407696,5.56236966451009,1.04573775459101,0.650994138364439,4.52180333785069,-0.400249208722796,-0.132846347869389,Sec9,11,1,901.83362654672,288.635952700913,0.110931265784162,870.740228767533,16.7037454035922,1.05416305363006,39.9524053906465,25.0432650049818,11.5991427605439,4.99999979793506,6.68067016890605,-0.424536291872551,2.19821320181516,0.726856559829047,12.84,-6.6,10.6688549636965,,6.84,15.0,-6.0,2.16,0.12,22.841666666666672,13.939892832562785,4.956531157972861,6.7081571207807515,-0.4860953936263819,1.8398154645184421,26.433350000000004,11.215605925305116,0.8842104044201743,4.0946702562074435,3.869822325058062,12.738486437295625,0.6133051194040433
35,63,89,Good,4715.0,6.96,90.0,148.0,0.610192736689782,4715.0,114.927641485838,224.437946059742,0.120303983931928,0.818736744149117,0.003732422973982,0.079303967098346,0.130053186050707,4.32774753893836,0.79633547071023,0.335896247928425,3.4593683160182,0.501771442473881,0.345236157614087,Sec9,12,1,114.962307090806,224.431137248246,0.087449842323084,1038.03153275167,18.2926343703558,1.08164135071139,57.3042405285854,47.4160273166114,10.0779573009113,4.99999995999523,3.95447137510231,0.004586584621099,1.36518900840376,0.7886865458132257,6.96,-3.48,6.31518706957686,,3.36,11.04,-3.6,4.079999999999999,0.12,18.668533333333336,12.40023977207807,4.999999949099329,4.044136812921451,-0.006541789711386858,1.3626251931733986,29.747250000000008,27.341780783461502,0.8000000000854719,5.499914828491899,3.327512430580378,0.436727591952621,0.804731641383954
36,64,90,Good,18918.0,11.28,245.0,339.0,0.578982674165576,18918.0,165.532063455579,178.185800354267,0.101570903753097,0.692541326340791,0.0,0.066255255124921,0.124498551181482,5.23434151097348,1.03037741750205,0.256175530082301,3.60869355229606,0.485077297876751,0.506995034596277,Sec9,12,1,165.504551587255,178.187227418917,0.060641285280577,491.485928628587,12.5921943787127,1.06466971129323,29.6256441566613,38.1761982203037,8.80731354643898,4.58835672501321,5.65012560945472,-0.191135587677525,4.35450521245764,0.7139052499197465,11.28,-4.92,8.84276057693296,,2.16,14.28,-9.12,3.0,0.12,20.991683333333334,11.970987708387664,3.5705856187171863,5.90483746636772,-0.1447041401426592,3.610335283779085,16.75461666666667,3.0584561520848785,4.990888122213676,1.825025440375708,-0.3567821792598691,7.373719263639137,0.06849007031488752
37,65,92,Good,1847.0,13.32,57.0,168.0,0.268872216684472,1847.0,517.693986476467,40.9751317346041,0.064920845385806,0.28924704126291,0.012603632360002,0.062275493763514,0.03657977905208,5.31128168106079,0.710311158546276,0.804269301891327,3.74370851970854,0.043067871578156,0.633284644475059,Sec9,13,1,517.707885538096,40.9761653280215,0.03731116266259,1765.21120962821,24.0412305824403,1.08761583600885,42.0168856145424,43.3353915487524,13.2998464387685,4.99999955511041,6.86265547633862,0.21205740038517,-3.99080462148829,0.77928000373819,13.32,-6.24,10.9594806047259,,5.64,16.439999999999998,-7.680000000000001,3.119999999999997,0.12,17.056466666666672,15.438175105877711,4.898196373662272,6.877039009033025,0.1295219804613188,-4.187336596026196,43.70091666666667,27.8563263184777,1.0492222373381097,3.7383855699357924,6.002501518441566,10.51390107182226,0.7594828599566587
38,66,97,Good,534.0,10.8,35.0,125.0,0.621118865666881,534.0,431.162902530123,34.5956811173299,0.053587777461898,0.204957729393053,0.006119287760851,0.046957391660796,0.033780401142012,4.28371047973633,0.754508735078072,0.636028076004196,3.28987647674896,0.546390366932702,0.735425646342928,Sec9,2,1,431.182925191794,34.5988421084438,0.128785350997975,0.0,0.0,0.0,0.0,0.0,10.5753514390569,3.22724032917957,5.62406252605816,0.341933554755684,-0.410783113118955,0.6944682425139401,10.8,-4.44,7.93711209816658,,6.12,13.44,-4.680000000000001,2.639999999999999,0.12,16.429650000000002,13.318839562884431,1.9073161034298651,5.7844108979466,0.4569815825654109,-1.3865902754310708,19.85278333333334,6.032118139320389,1.6461547141635773,1.4961562319829813,3.6824181689463815,6.841668578263384,0.17346828156953986
39,67,99,Good,2081.0,12.72,154.0,260.0,0.379307758839402,2081.0,692.816923275543,101.402702193201,0.071539831636468,0.754806650652275,0.0140413215958,0.05438372544092,0.096237622131329,5.49763859543845,1.33271202294358,0.504871986959582,4.43765560241256,0.771344866071429,0.883941529289124,Sec9,2,1,692.800487931534,101.408260546033,0.050019338898842,333.795280328885,10.3982118154572,1.07719954379884,37.5901360289665,33.3631835856506,15.2481315965882,2.73880079994552,5.8774354211629,-0.247270148235508,1.84585455118239,0.767748417686444,12.72,-5.76,7.79464466423046,,1.7999999999999998,14.16,-10.920000000000002,1.4399999999999995,0.12,25.545366666666673,17.534885006414488,2.7136007973416847,5.861592143018158,-0.2702205422579471,1.876466153145565,28.006483333333343,21.124339654363208,0.8951139821726308,4.282051354407022,3.597911690841914,2.8236685489981266,0.6745963432214065
40,68,100,Good,2617.0,12.12,165.0,266.0,0.625588345634296,2617.0,491.23088331635,391.622380029649,0.087015751639625,0.687162308044672,0.003493888533918,0.065579679535326,0.096056880837345,4.41664564843271,0.875795635455173,0.517117492825377,3.4799515053078,0.822252727690197,0.039860256134518,Sec9,2,1,491.208527717508,391.650482976902,0.071181871091955,721.135890714854,15.2276351574848,1.05854006751981,34.5496875932648,29.3468223317833,10.6043941058036,4.89884619538193,7.09079801714802,-0.599716753407167,2.31851435019591,0.23913195664425646,12.12,-6.96,11.271322491367,,7.199999999999999,12.84,-4.92,0.7200000000000006,0.12,20.209283333333335,7.255183205760558,4.99998495469925,1.9712996642194218,3.673354249373509,9.899355066130424,8.714816666666668,4.668444235641116,1.2005832708375854,0.7622685834094084,5.338222832371983,0.4767592503191307,0.10031668651403236
41,69,101,Good,3810.0,10.08,253.0,337.0,0.149134933662598,3810.0,153.677663948235,439.737356875053,0.086944934620503,0.275942242375912,0.011031673768594,0.075799885619528,0.055594678516653,4.37779173009536,0.606919080691652,0.429611549377441,3.34383492812612,0.600866348024399,0.614845669458783,Sec9,2,1,153.690958463912,439.742913946638,0.020420003588306,0.0,0.0,0.0,0.0,0.0,11.6976575299379,2.95944425966951,7.14674909158119,0.114038179897763,-3.49256734865258,0.5540441322909184,10.08,-6.12,9.7728072893648,,1.7999999999999998,14.04,-8.280000000000001,3.959999999999999,0.12,14.024083333333337,19998.273763426645,1.516603162838984,92.38605087253976,0.08093444983157294,-19988.098802697907,24.425000000000004,40.558262894877785,0.9424170015631514,12.425028297663378,3.117135305670456,-21.458304240225985,0.7394962332472363
42,70,102,Good,514.0,11.52,55.0,151.0,0.643462542279615,514.0,566.372105219864,70.9739173214755,0.118065048363569,0.752047909305437,0.001274898826892,0.086578329160327,0.120761996921686,4.59793016099438,0.855151550036531,0.046730612233742,3.45645532466019,0.684775670369466,0.687633302476671,Sec9,3,1,566.365047192032,70.984413815399,0.056771541690918,740.905141164732,15.4308836674597,1.05211090444503,52.7206722630808,45.245980758323,10.510215817829,2.07993700746522,7.04387999806589,0.248890933359625,2.99947016657199,0.45823438028417274,11.52,-5.28,8.20165749466289,,2.52,13.56,-9.0,2.040000000000001,0.12,20.136100000000003,8405.626981524318,1.044677447101352,202.4112661051178,0.26551532863187965,-8390.23514463498,25.98703333333334,17.49835659304696,3.752642319295288,5.08701559881484,2.514291575160454,1.6160879726051791,0.8200836058700682
43,71,103,Good,520.0,7.2,42.0,102.0,0.706610478812436,520.0,187.169629889855,363.804244730077,0.077378296788584,0.23189951525149,0.002665171669173,0.06568996256131,0.050133383385404,4.5433114473937,1.14645562938986,0.549313926696778,3.45683717640806,-0.464625918675983,0.404469641428145,Sec9,3,1,187.139963154735,363.812647374556,0.152198249409878,960.249009753369,18.4660979169843,1.29495917759444,55.0029445158324,45.6196659812103,16.085778058315,3.05344736532601,4.72563409200329,0.326020075938009,-2.4857454723138,0.7364559669748878,7.2,-4.2,6.53814025584329,,5.04,10.56,-2.16,3.3600000000000003,0.12,22.319433333333336,18.58986049488056,3.0621334384664323,4.774952958556139,0.3880123487011766,-3.466255025136894,16.998150000000003,13.61124631606585,0.9006248144643809,3.6675860791540718,4.389671316544504,-1.2532455028974634,0.6880844766627838
44,72,106,Good,5912.0,10.44,296.0,383.0,1.28994701371325,5912.0,437.734547856152,147.346280539014,0.072278806219763,0.689343735384911,0.0,0.056916454294787,0.078371583375075,5.40252312746915,1.28994701371325,-0.173707848245447,3.36227946329598,-0.195233057415675,0.411613524906219,Sec9,4,1,437.733719995693,147.364767314961,0.205135888991254,1195.49511255876,20.3361774346461,1.27185659668523,28.8297437039936,30.8314150121366,11.2870509633598,1.56517836183851,4.63471987618542,1.00165464625438,7.32240967771579,0.5519095703369972,10.44,-2.52,4.51695310481435,,5.88,12.0,-4.56,1.5600000000000005,0.12,26.590750000000007,12.239036605549616,1.5335011630215791,4.304189408333681,1.1487049026446234,9.52337531556652,13.225000000000003,7.419664753495178,0.8014119496184742,2.9152208876751935,3.530219531599214,2.935960581182122,0.34745921580311345
45,73,107,Good,499.0,13.2,31.0,141.0,0.178871606237088,499.0,437.094951228417,343.714303027804,0.084676546630232,0.633968201391687,0.00673254001316,0.06172454034265,0.092934572638361,5.27791774165523,0.716181214246234,0.846571852709796,4.65970076789131,0.906442127530537,-0.085951123918806,Sec9,6,1,437.098842475278,343.721094649322,0.01920372967437,1111.1072201331,18.9558393691688,1.07220601248107,58.5854343332732,46.097155297019,22.705789181265,1.83855739613297,7.68153202586174,-0.336934631647356,-1.66692914559823,0.762461238273047,13.2,-8.28,8.33091682233282,,-0.36,17.4,-13.56,4.199999999999999,0.12,28.878700000000006,928.971062771736,1.2585317480369707,39.136442001389106,-0.40685893753993074,-905.6136965606273,29.479616666666672,21.961712083059663,2.453913313871431,7.1059419865743765,2.440144812828465,2.3064157748526277,0.8434099256053533
46,74,113,Good,9597.0,12.6,243.0,348.0,1.16351107012609,9597.0,811.514490599975,341.994960754121,0.090327972171422,0.392957997638598,0.008049546282402,0.072486071956071,0.065132326142802,5.97447730010411,1.40914567918177,0.489909074891288,4.91561594149352,0.814901503305586,0.194744503687299,Sec9,8,1,811.537814217929,341.978151259872,0.122675817294949,762.533896718058,15.6860183730953,1.05769359708523,27.8719606065209,48.1257873840445,13.4648053020336,1.13399268997914,5.53346288463719,-0.104823841188918,1.65269364599195,0.6969518564864876,12.6,-4.56,4.10304405536021,,5.16,16.919999999999998,-7.439999999999999,4.319999999999999,0.12,21.942600000000006,39.05385587603366,0.8000000883631224,12.136965413383138,-0.21710476322697847,-21.150924608683404,10.77591666666667,11.65139006043472,1.9209599552067678,5.124172940793342,4.258500452576829,-5.202518923552286,0.5563499738448228
47,75,114,Good,1292.0,7.32,60.0,121.0,0.175317148400866,1292.0,745.666357843798,70.1655332306457,0.082431857143825,0.231144481131493,0.011537206187788,0.066466342156766,0.050831247364677,4.53013130926317,0.678743574131532,-0.00093509304908,3.52283138015364,0.493192460801866,-0.385020967513796,Sec9,0,2,745.651178733152,70.1680708480292,0.034865787484496,1190.74096817577,20.140104321274,1.23310667352972,28.9134721621233,47.0727907970402,17.4557345338247,1.68411167488904,3.91085541110638,-0.233937094648498,-1.63171023311199,0.8179002122168662,7.32,-3.96,4.00998015222941,,0.6,9.48,-6.720000000000001,2.16,0.12,22.11481666666667,19.803180433797344,1.5600212173245054,3.8878245615018523,-0.31674656005509183,-1.1409375551842857,25.644450000000006,20.86209807696406,1.8257244331091367,3.810529598558587,1.2789812361625956,1.283011488672565,0.8172307497402629
48,76,117,Good,3395.0,7.56,133.0,196.0,0.782040046681987,3395.0,249.566221646497,205.681682646816,0.087151164407299,0.268747643036042,0.012044269111634,0.07975370710153,0.055154560296572,4.20445168018341,0.812422679303987,0.58698433637619,3.69961320691638,0.362103310842363,0.249170273069351,Sec9,9,2,249.547218825238,205.697365436649,0.142434517757034,871.429829516547,16.7278689270244,1.05891908336884,52.3640798296994,42.6329081551681,14.8631987600935,2.35959465864035,4.34136194957717,0.278223881603312,-2.18299135938736,0.8530773962245588,7.56,-3.72,5.38965109973097,,1.7999999999999998,9.96,-5.76,2.400000000000001,0.12,18.127766666666673,15.228205762779119,3.1655200169932716,4.081409604805141,0.22427539623372672,-0.5269245947742816,11.539800000000003,12.608184371030987,2.2198987551022604,3.870090218333171,2.8641518379711584,-5.631423737061055,0.7212460120927371
49,77,120,Good,6007.0,14.16,121.0,239.0,0.385329836605072,6007.0,896.288464013223,214.185970949724,0.053884483197847,0.182699834047641,0.003568972401963,0.049345741701055,0.032331160507639,5.22738153794233,0.679811541806842,-0.028112994923311,3.41773743901043,0.800212920658172,-0.138715971083868,Sec9,10,2,896.258823200842,214.177708904172,0.060601993302666,796.428169484577,16.4426984955207,1.14955185855728,29.2543908726454,51.1739887686864,13.0239673442158,4.2074827176587,8.05732966606202,-0.805552162213126,3.31147025989927,0.5906214629658582,14.16,-8.28,12.333324973588,,4.2,17.759999999999998,-9.96,3.599999999999998,0.12,28.978700000000007,13.448729736192794,4.6980891333366,7.5778295001332,-0.5843767642641735,6.507050918261099,20.70091666666667,15.764709112892639,1.7824589011691718,5.197465230648802,3.874858688905844,-0.5591724341003999,0.7197881330448999
50,78,122,Good,1449.0,6.84,57.0,114.0,0.433954274047956,1449.0,695.539802633473,141.558386657413,0.104441705394493,0.728371039596781,0.00143464421605,0.073926922804183,0.126977564030103,4.7595926482102,1.26161294292884,0.375058966669543,4.45971225139282,0.084205930195157,0.466558668348524,Sec9,11,2,695.55185048075,141.554112156412,0.072894566871327,1722.14065256089,23.8450047188297,1.21320676085841,30.8386711858496,34.4167888084672,15.159630108271,2.81544447066322,3.85703601416461,0.014307765767732,2.21714760547339,0.8111881726801082,6.84,-3.6,5.17272326708506,,0.24,9.12,-6.6,2.28,0.12,23.81666666666667,17.05804205957721,3.0972791446575174,3.7871490383356834,-0.0032654359234269847,2.848556688974846,16.025933333333334,35.015599199149584,0.8000000040373919,9.084139351760948,2.259933515281415,-23.01312706684354,0.6683642106686507
51,79,133,Good,11130.0,11.04,249.0,341.0,1.15017330288698,11130.0,449.235128308383,139.612297711844,0.085427797002337,0.845635212467239,0.006388712472335,0.063920162573241,0.099034083410993,4.49973022296865,1.33856404533429,0.475735906375352,3.20253506641092,0.262046935066344,0.123309846908327,Sec9,13,2,449.227575411134,139.609129623021,0.146344447190769,801.120322087679,16.0910154891882,1.07236240185404,24.695026253976,36.8415661084123,10.9028491763632,4.34843476610813,5.78555492929979,0.389089422518055,-1.97232863275347,0.6663945185969123,11.04,-4.8,8.93302822523077,,11.28,13.2,0.2400000000000002,2.16,0.12,17.60926666666667,11.719259124226005,4.307647500269661,5.6474894946379735,0.3260673219177255,-0.5737827814808977,12.99445,9.429070923209993,0.8000000079675161,4.163635311696996,5.76,1.0838777414193492,0.2368872542273015
52,80,135,Good,2401.0,13.68,59.0,173.0,0.523407424622672,2401.0,389.899208794333,107.050949513839,0.057030034888589,0.161061240053341,0.005567229310674,0.049527023655774,0.034160313686244,4.78844674151877,1.06150006455859,0.441243778726329,3.47058520478327,0.285721067398313,0.510799317132859,Sec9,14,2,389.904276565438,107.059596752521,0.080506582319541,723.234314289571,15.2179016431774,1.05079586457646,52.4557633754037,33.5150971647252,12.6151090453956,4.59916344748024,7.96196268498077,-0.635295609918945,-4.57964216110186,0.6522406934261116,13.68,-8.04,12.4680962597183,,3.96,17.4,-9.72,3.719999999999999,0.12,13.25276666666667,14.429898663380863,4.611690121430562,8.000286943529334,-0.6364797504398991,-5.510430338273132,27.54628333333334,17.215726989456773,3.1821417992666206,7.305780350219559,3.4138793070319986,4.713447750638382,0.7179254570954801
53,81,137,Good,12423.0,8.88,205.0,279.0,1.15229171372895,12423.0,555.811854422759,41.4930998895387,0.098369039079788,0.594896195407659,0.006469475101654,0.069572642237198,0.100589270014609,4.62158081054688,1.15229171372895,0.188301696777344,3.37833581429941,-0.070655580550905,-0.013395006694491,Sec9,14,2,555.80789823912,41.4841515206524,0.158296856314269,452.729791539829,12.2959755551142,1.11786685500348,42.6378998929344,33.1465227747232,12.9848246576759,1.18194389316476,3.75775064715603,-1.33048420527566,0.068578298614645,0.5684812621677295,8.88,-4.32,2.90081144095553,,1.56,13.32,-7.32,4.44,0.12,19.090733333333336,12.28669415303949,1.5555957729401126,3.0524399336378596,-1.5695088800538275,2.9226245508536497,19.101850000000006,13.936844121788344,0.8000012104119897,4.902547892369567,4.02981607812836,2.8114690622146825,0.567756057484708
54,82,138,Good,444.0,7.32,28.0,89.0,0.20300912151879,444.0,867.05327973058,85.6518045146263,0.06031368198784,0.352964885395428,0.004823626004331,0.043332853125792,0.053578000668106,4.49365658913889,0.801487412614693,0.77748633046304,4.17097702846732,0.528672324286567,0.996861049107143,Sec9,1,2,867.092587209393,85.6533765609416,0.055178498076521,372.265396921426,10.9335325371791,1.06003385512861,43.9898449443446,44.1784753479252,16.485130363639,2.71459432178094,4.18725170271832,-0.161901067953194,1.95710741988937,0.818503899400553,7.32,-4.2,5.53281959589072,,3.24,10.56,-4.08,3.24,0.12,26.230566666666675,18.10862679453895,2.920562276153503,4.176879796771148,-0.20827589028355442,2.6097124279166786,13.479600000000001,13.123875540804327,2.114453630254837,4.629347638504291,2.8505965070106845,-5.341355370308291,0.6334446114928085
55,83,141,Good,3442.0,9.36,220.0,298.0,0.412811464652688,3442.0,894.744992477043,86.0738336901923,0.072970801438519,0.29248383328499,0.001889686888188,0.065084127391887,0.051359831298351,5.74897389472285,0.587247182233424,0.433199560189549,4.83819392294153,0.764214939541287,0.941785176595052,Sec9,1,2,894.719196636338,86.0770441599797,0.07252838903645,951.9450427193,17.4324464822756,1.05689162314548,35.8969511178807,24.4843209657902,17.1012111603134,1.51482637905579,4.63257327517634,0.791354632195791,1.67072689641841,0.7673125615631597,9.36,-3.6,4.40825564593314,,2.64,13.44,-6.719999999999999,4.08,0.12,27.712050000000005,18.868061990761284,1.4958360759370823,4.524551522608037,0.8377957866749215,2.6497493712017692,33.473150000000004,31.99249117832779,1.7923381124695648,4.598228203960091,3.636864401784326,-2.973602283321543,0.9039603069682874
56,84,142,Good,4076.0,14.16,238.0,356.0,0.37492434286209,4076.0,955.697789819406,404.496008444723,0.086386087250544,0.776814693634574,0.007583189553788,0.064470388254701,0.096246862006947,5.2849063071884,0.654034483153607,0.109227245394923,3.15216696852284,0.140578285096184,0.103125118073963,Sec9,1,2,955.701579148211,404.488296826203,0.036780516870665,806.964419325623,16.1235234820834,1.06561987430281,50.7664428946154,44.477021822906,10.6364905816997,1.77560690638907,6.05197115470977,-0.732073393503868,1.31684016863686,0.6665970200869524,14.16,-5.28,6.4227192770607,,6.359999999999999,14.52,-7.800000000000001,0.3599999999999994,0.12,18.871300000000005,12.588341954832295,1.7428872415748389,6.050971911556506,-0.8392398976378335,1.1215216089567324,12.159266666666669,15.832508568618529,1.8669738998349068,5.135189779652392,3.5527481823135716,-8.404207841578577,0.7631344843148318
57,85,144,Good,474.0,11.28,33.0,127.0,0.684608874148415,474.0,534.36017023786,177.389836188654,0.082684386013116,0.711413922886828,0.003697763364901,0.057298003027936,0.103381855829871,4.58621870342054,1.33150901979798,0.380845226488615,3.77869442945335,0.217977463252961,0.23138545808338,Sec9,3,2,534.36721335742,177.34894324914,0.088082810799165,763.045012515848,15.6896059635661,1.06510352534269,31.6738845015493,50.6343244698947,15.1642433751662,1.92162480318611,5.65455652454667,0.500526698948093,2.87158470577854,0.6826989555003191,11.28,-4.68,6.29698671186868,,6.72,12.12,-4.56,0.8399999999999999,0.12,26.635183333333337,17.192372654350525,1.8920566662146798,5.61580982361268,0.5011304662357086,3.6135290594968357,19.158350000000002,7.666201722313957,1.0987577591093882,1.8005214418170787,3.917062828739472,4.223630403641673,0.435503367954552
58,86,147,Good,5268.0,14.64,251.0,373.0,0.687974023109624,5268.0,704.08657688933,154.714510226577,0.056785564157137,0.205709615688337,0.003387353404873,0.052453509845597,0.037467969416849,5.91957600911458,0.692575172563365,0.727331504201502,4.53500591577876,0.170523461841401,0.23751641833593,Sec9,4,2,704.105447620961,154.718265701963,0.099305720048137,741.427401225105,15.3771735728733,1.065629960055,27.3374069489102,48.4253639808249,16.8353451232487,2.25007667646242,7.94734342822155,0.647610056901206,-3.21574479130047,0.7293349254700994,14.64,-6.96,9.63999226786468,,10.8,13.8,-3.84,-0.8399999999999999,0.12,23.607400000000005,17.855450870645768,2.4243785691762554,7.67743174512312,0.6652588122765177,-1.6829696836018677,14.79813333333334,0.6920183758356568,2.9562265118959727,0.9202530752060051,3.68397186837469,9.365171287299896,0.0029876288660188877
59,87,148,Good,7107.0,10.08,283.0,367.0,0.675492905235058,7107.0,318.786183882931,318.228931188906,0.089268955211503,0.296600341977697,0.007249417871013,0.077333663028802,0.059521297247833,5.06343697940602,0.743789590344076,0.239558540793026,3.94179269129934,0.603617562188042,0.751316524687267,Sec9,4,2,318.797770498737,318.220280222001,0.090082629354477,335.254250340893,10.4092574661755,1.06419888914129,40.7214643565751,43.9610474229704,9.55587597412103,2.63870127650466,6.18846308563012,-0.442552250119911,4.00375381380311,0.5197100236833518,10.08,-5.28,8.08021306886588,,4.92,13.8,-5.16,3.7200000000000006,0.12,21.268533333333338,9.347760131677914,2.883275690498504,5.8776290407017795,-0.5184412162715653,6.712964312783513,14.601850000000002,6.782824129176153,4.999999739543764,2.0225873857263563,2.9472820878097106,4.873429732331629,0.39681171835019047
60,88,155,Good,3253.0,12.36,131.0,234.0,0.233158553369359,3253.0,374.398798936269,153.104444472508,0.073454800009884,0.274311798847239,0.002566114585445,0.06403158683819,0.053010417330189,5.8732825425955,0.68263144811025,0.494590988525977,5.44095979592739,0.533519048539419,0.980191488114614,Sec9,7,2,374.395476179558,153.107571741797,0.030817254626328,502.68785850227,12.6846777249059,1.10609029016882,49.7532060664966,33.8724040319914,18.7617633594074,2.55212827383042,6.07243948723226,0.172143600679236,1.01106798445328,0.8189830966149416,12.36,-5.76,7.81486014711334,,2.4,15.6,-9.96,3.24,0.12,27.64536666666667,23.699154176984777,2.0060189748540185,6.459627803989106,0.21624125448273546,-1.553037303889714,38.20648333333334,24.806530151593446,2.8581149043517753,5.010545603582391,2.425192850775191,7.898612929861146,0.8960896560897457
61,89,160,Good,815.0,11.04,158.0,250.0,0.394206020649177,815.0,948.439701178684,419.169641490933,0.058689924671736,0.48514011360811,0.004970871909908,0.044911988654228,0.065164193942813,5.60368281538768,0.74731064692458,0.857184951536117,3.8561274210612,0.03594722445049,-0.081229134211465,Sec2,0,1,948.448715172505,419.149524748002,0.073008239054672,0.0,0.0,0.0,0.0,0.0,25.2445925251642,1.32021351768321,5.00183420148051,0.770922125907906,-3.75444414329498,0.8142637604830727,11.04,-4.56,4.2660052891887,,-0.24,9.96,-11.28,-1.0799999999999983,0.12,29.699066666666674,33.03186880057681,1.1045584092685914,5.609556715433945,0.7349692183516794,-7.794704663901755,36.83335000000001,31.317256330952134,1.9299078466608568,4.729660625896889,-0.9272904775534201,-1.8030066879769513,0.8301537050627977
62,90,163,Good,1925.0,10.32,114.0,200.0,0.634230051027531,1925.0,200.014840516598,244.915083989153,0.05939183321935,0.186790702025086,0.012158033261389,0.054658609874831,0.033699831933486,5.65237729302768,0.634230051027531,0.554470981948677,4.04427939813256,0.546804821680462,-0.321895463126046,Sec2,9,1,200.014839892572,244.913764632773,0.12417141609297,968.007618675185,17.82421459681,1.10352344030587,28.1859162315513,46.0582625597658,13.5684576186668,4.99999998670633,5.43376149038676,0.049653790277255,-3.97101218841494,0.6797015273100573,10.32,-5.04,8.67757459582596,,-3.24,10.44,-13.56,0.1199999999999992,0.12,21.016666666666673,15.706831845541664,4.999999943589559,5.442752478923087,0.031398473637778146,-4.087336132328813,29.637983333333338,44.69758320819853,1.0774083157502863,10.812399353895907,-1.0623145100657947,-20.660424390745675,0.7683965014317772
63,91,174,Good,6933.0,9.72,196.0,277.0,0.257508655030505,6933.0,352.069371639661,413.15501617548,0.0500568876456,0.187444900172426,0.007053580636928,0.044989911182236,0.030779180546333,5.94014646948838,0.507664098870175,0.091011677718744,4.20184305496009,-0.168226453993055,0.875514953855484,Sec2,12,1,352.068707847623,413.15011158593,0.063510125128339,772.154422825415,15.7516523171502,1.08146878370032,53.2239699409283,43.8853402077013,13.1029875072645,4.38987307250411,4.72338430886017,0.117313479827245,7.53980142971234,0.852867974463027,9.72,-4.32,7.31084785981229,,0.0,11.4,-9.72,1.6799999999999995,0.12,27.689816666666673,16.540142833675233,3.337897280929547,4.859401165001755,0.11392045333511369,7.106567165843959,23.89536666666667,14.513541530561172,4.999999478739078,5.389010892955124,1.3945769464959126,3.341666005241656,0.7934408094134242
64,92,175,Good,7117.0,9.72,194.0,275.0,0.795003466739295,7117.0,674.646102786105,143.679660894266,0.099802574848214,0.728192941462493,0.0,0.071967783448823,0.135123194816203,4.68452611783656,0.795003466739295,0.531341047984798,3.37695037510983,-0.074000948951358,0.43607415093316,Sec2,12,1,674.642245075397,143.676358289622,0.098342729423489,645.600058183246,14.3711331290635,1.07868154972894,51.488954939362,37.0631442567139,8.71008288832932,4.99996161906059,4.95223956752326,0.055446466344963,-0.971083238602431,0.645212453699804,9.72,-4.08,7.90858305641041,,-1.2,9.24,-10.92,-0.4800000000000004,0.12,14.163900000000002,11.568975185826481,4.999997951958607,5.2261873152652125,0.13856402644618715,-2.989388796446217,39.04166666666667,30.073730408640255,1.518947582552044,3.5769105031396937,-1.1487597427830876,4.930001197201934,0.7876458146963902
65,93,181,Good,8329.0,11.16,253.0,346.0,0.698295313744852,8329.0,146.801303655507,138.629540145958,0.081926385489186,0.691962410045994,0.003046196531292,0.049822943218274,0.122967070443318,5.69231617704351,0.828225741568759,0.661957522656055,4.28400179229448,-0.449992830791171,0.126255095951141,Sec2,14,1,146.81679113905,138.651559791295,0.09164998206455,528.180040993501,13.0557805856983,1.05911867897374,45.8781666161179,50.7985591263093,13.5274672699197,4.99999999996155,6.02011104422119,0.189689455809141,-2.08836606935845,0.7902392063914137,11.16,-5.52,9.6139594615943,,-0.6,11.76,-11.76,0.5999999999999996,0.12,18.237966666666672,15.907564933212491,4.999999920465759,6.055917755311475,0.14747641258872957,-1.9007636228170712,26.207383333333336,15865.938701083705,1.2280669951670098,151.8167754142639,0.7258214262376992,-15845.301512686632,0.5903229625005646
66,94,186,Good,3156.0,10.44,249.0,336.0,0.41677255680587,3156.0,563.88172120434,274.243873841255,0.058282556819661,0.282355043859078,0.003171237265444,0.052157929066588,0.040298521647464,5.57036139748313,0.811515487087437,0.475125279209831,4.03421737208511,0.913551663595532,0.430230276925223,Sec2,2,1,563.886645478424,274.232519421995,0.082194217620049,704.894996009192,15.0695258831744,1.0577310010252,24.7819735449364,38.7939585732122,12.3753936247077,4.9999994168646,5.8282533022085,-0.171287896930666,3.62652302391847,0.6757583055149673,10.44,-5.64,9.30756743476063,,-1.2,10.68,-11.64,0.2400000000000002,0.12,26.01851666666667,14.85790655820049,4.9999999922975755,5.903028827082754,-0.27028431349530635,3.2731030789089335,16.97963333333334,20.60939817312862,1.0489343904780362,10.936328842389644,1.0800420600755363,-9.254681182299093,0.46430801551077605
67,95,188,Good,2140.0,3.72,197.0,228.0,0.4881690991322,2140.0,239.73541806077,199.772293570075,0.132716339301998,0.769604904069108,0.014686236427677,0.07428873014893,0.172380919097241,5.03878235816956,1.13255655652589,0.508481013774872,3.52844444910685,0.886904080708821,0.755542951916891,Sec2,4,1,239.778748950977,199.788110883268,0.118654495576113,786.668145140384,16.0185525932564,1.08821547902916,35.78866295244,57.301111106,12.0929492935541,0.858247677876349,2.03260999578206,0.139326430866261,1.71104613421453,0.7745030521105298,3.72,-1.2,1.09575479962184,,-3.24,1.2,-6.960000000000001,-2.5200000000000005,0.12,15.643550000000005,15.107888756562755,0.8000000043120202,2.3163129782312843,0.10306987218086805,0.7337672551719379,18.568500000000007,15.076190694800363,1.8758149534434923,3.6738141734911505,-1.7090061524785352,0.5860476595605202,0.7413659734388864
68,96,190,Good,1741.0,5.88,113.0,162.0,0.449586193735453,1741.0,68.1316458871554,215.101326483142,0.045930234532074,0.188055049768089,0.002994037228606,0.034289795421292,0.039905664959364,5.28914527893066,0.732255171700499,0.354053482055664,3.75689392937554,0.266302668859088,0.636546528528607,Sec2,7,1,68.1151737154447,215.094919230549,0.199764458793995,0.0,0.0,0.0,0.0,0.0,13.7776248010155,2.75240377553924,3.01292949398054,0.108032060945614,4.82034280524474,0.9034561956614983,5.88,-2.64,4.0038631255206,,-0.12,6.0,-6.0,0.1200000000000001,0.12,24.100016666666672,15.123247584499815,2.9229212785260854,2.9909890113689426,0.05641503591309727,5.867621468393301,7.370366666666668,5.109157771071798,4.99996732410946,4.026187962936248,0.8365011230914763,-0.8115559199078344,0.4929389205616974
69,97,191,Good,3164.0,10.8,182.0,272.0,0.279904391514387,3164.0,330.084787568294,349.953119719926,0.051590359765192,0.126228722742136,0.010602173240496,0.050556408795494,0.02521174091169,5.74153690547734,0.534467124931921,0.326355872311435,3.79456887809931,0.568649140615312,0.927310883052765,Sec2,7,1,330.07758123878,349.957558251107,0.060283526006786,623.642994099405,14.1572522714551,1.05764872942761,53.125496584006,44.3858867612954,11.3383895859847,1.98916108590243,6.21766864876419,-0.027801612327825,4.61959934634584,0.5417170421388401,10.8,-5.04,7.06310540593941,,-0.72,10.44,-11.52,-0.3600000000000012,0.12,23.30093333333334,9.456255632834045,4.999999252376919,5.078639233331048,-0.009637868560516516,8.266263032193034,25.953700000000005,9.078903943021633,4.999743562852751,5.210187904868103,-0.9588992613033058,8.720869597827669,0.27929351722266116
70,98,193,Good,876.0,8.16,58.0,126.0,0.475649296261427,876.0,446.971043949543,32.8542436494407,0.073480935309962,0.277946132904218,0.008443249981758,0.067629608867182,0.04450019744595,5.06732177734375,0.540022201322937,0.592676005156144,3.73182866807529,-0.180812865968734,-0.398560841878255,Sec2,0,2,446.971978863062,32.8534991304787,0.09519261782085,587.821975366833,13.7909566758733,1.1041590482507,28.3752657572764,42.2605363161461,14.1329869751752,3.15889198547037,4.37692267053774,-0.236339920738387,-2.86238444052991,0.7607171963291941,8.16,-4.32,6.13062925370212,,-1.3199999999999998,6.48,-9.48,-1.6799999999999995,0.12,17.708333333333336,17.307814859981683,2.8058474607819957,4.456549782857843,-0.1780990645643068,-4.850505272659726,15.519450000000003,40.38388386784307,3.378689598704126,11.319151451163998,1.4920436831334802,-29.13832535420174,0.4460235588929483
71,99,194,Good,1987.0,7.8,127.0,192.0,0.961766234803224,1987.0,897.396161008972,480.228017337541,0.112998831805573,0.703421093675765,0.025649005109196,0.095272359498607,0.099308559872096,5.51675738710346,1.08537764720706,0.672463018243963,4.96503501147132,0.517299621824234,0.389672143118722,Sec2,0,2,897.416589012146,480.225863445385,0.130942978577128,276.420190530381,9.43921932722872,1.07751703199423,42.4353700486458,31.8815031366478,18.8126219846988,2.35924877658207,3.80983601963498,-0.065641370347934,0.692060279695205,0.8512054185499585,7.8,-3.84,4.72944934522578,,-1.56,12.48,-9.36,4.680000000000001,0.12,27.25461666666667,22.016684434295776,2.405700939769653,3.8838231753584442,-0.13416306915239673,0.3057089319026053,39.333316666666676,30.16399466797247,1.8865197288429394,0.8541757994475351,-2.024716623146669,10.066014546410392,0.5314656040910408
72,100,196,Good,1193.0,6.96,98.0,156.0,1.24896668463071,1193.0,907.228961809866,462.54306026778,0.11627502417693,0.751958477273426,0.007830629757031,0.077563257987825,0.136763607140081,5.2762268195718,1.45479922643094,0.827718083333161,4.93415961112904,0.597355373322017,0.877845703609406,Sec2,9,2,907.234664495022,462.596876610575,0.185198055284309,764.701403146083,15.7830401937625,1.07984269131822,36.9319428349426,25.9605199306986,17.7039846061252,4.22742628501281,3.72001985211746,-0.042145963476135,5.71730376095312,0.9221394049006428,6.96,0.0,5.7014092113215,,-0.24,6.12,-7.2,-0.8399999999999999,0.12,30.60648333333334,21.041935700034895,4.046844428156249,3.735582753826131,-0.03847189369342319,6.014618376032823,25.626833333333337,14.292378461988951,4.999992548849331,4.847641804508488,0.7864961884619435,3.5443471706159295,0.5290784960324114
73,101,199,Good,2053.0,7.8,102.0,167.0,0.129259891754378,2053.0,119.867129384564,151.096276538595,0.052695803513125,0.185669123225743,0.012870961267558,0.045894076408126,0.030126617856775,4.47524122758345,0.487484723867975,0.52942292473533,3.55989895123825,0.439937712654235,0.908738211979942,Sec2,10,2,119.8623757896,151.094879245405,0.037737610715108,638.807721452722,14.3014170114967,1.04983703109861,36.8550504249672,25.876504701976,11.3108420195505,2.48889546929723,4.33459872030939,0.236187896563018,0.877284687792793,0.7013778164089245,7.8,-3.36,5.5162302009097,,-0.84,5.76,-8.64,-2.04,0.12,17.373150000000003,12.099348060358825,2.6471315721211393,4.359430959213745,0.23182414648428695,1.1767155741251218,23.346283333333336,12.871253117037313,3.477795448776054,3.121453084681378,-1.7216622229666498,4.8405317149683365,0.7084472289798617
74,102,200,Good,2259.0,7.32,120.0,181.0,0.515574496584662,2259.0,675.185546563156,223.986023289721,0.050144717587222,0.130775048351451,0.013097016894544,0.042433659681826,0.026074309789467,5.88119359170237,0.65095810830384,0.756049971426687,4.37197619612499,0.422407498435369,0.487073913453117,Sec2,10,2,675.173777936065,223.967899611401,0.168552966978343,685.96104208718,14.9148690772514,1.10849923521963,32.5306112691374,52.7576957167408,11.8017877724523,4.99999977229765,3.11547389241156,-0.02752579354166,-1.09041847792992,0.6935222561742164,7.32,-2.88,4.97533005261533,,-1.92,11.64,-9.24,4.32,0.12,19.445350000000005,14.362221953230469,2.3124542962652352,3.430214897457168,-0.16030389074790286,-1.3420159403744838,35.856500000000004,19.96766007778378,4.144791754055134,7.209100476099089,0.2863310178815768,4.177729074903531,0.5853104590712959
75,103,201,Good,3658.0,8.16,175.0,243.0,0.68241747131129,3658.0,411.417778538438,359.118365633236,0.075070126204873,0.647599546614162,0.0,0.054724346065719,0.083124686378323,5.51945473491282,0.919094978980708,0.58027746366418,5.02370393295411,0.682746614728655,0.999143963768369,Sec2,10,2,411.38509483555,359.111512462737,0.133682352169062,889.907059140432,16.9412315687797,1.05770655710581,49.9941442726117,51.8835129976221,15.0377301283401,1.22174372220411,3.61432362258769,0.88698615671004,11.1918346469001,0.6579578517200173,8.16,-2.28,2.87797390674498,,-1.08,5.88,-9.24,-2.28,0.12,32.466666666666676,19.541441210008852,1.0643958170854613,4.431160978362163,0.7137775350544668,9.529740791795943,9.116700000000002,7.1688477696396955,2.574888863426315,2.9075594578972055,-1.6855681651377723,-0.8257983677082882,0.3598950500858471
76,104,203,Good,8304.0,6.36,344.0,397.0,0.221206552823983,8304.0,470.049921429282,219.362083832011,0.068662707003546,0.172211720313851,0.007122473665392,0.051710461169765,0.047239299750078,5.87356256555628,0.630017269722081,0.827871227264404,5.026685408604,0.54951428610181,0.635845365978423,Sec2,10,2,470.064369073931,219.364536437933,0.060785668465316,0.0,0.0,0.0,0.0,0.0,14.1495757811145,4.99998143338175,3.11728461314064,-0.111134041139502,2.04278849280321,0.7828492859376159,6.36,0.0,4.97821761713632,,-0.12,2.52,-6.48,-3.84,0.12,25.675000000000008,16.183623815639315,4.901586242985759,3.0992814435296423,-0.18370494077956057,2.6200543908944085,15.64256666666667,21.09027990867662,4.999995674495223,2.8949080511048577,-0.7873223747578839,-7.443838764979206,0.8318497061172385
77,105,204,Good,75.0,11.16,18.0,111.0,0.513677595260833,75.0,426.201138554003,211.34866445181,0.062564152601968,0.283186167965493,0.001013361887475,0.061382137784283,0.037665990248432,5.90976812484417,0.576697065224259,-0.000780046747086,4.20561432443894,0.813340323311942,0.591234055776445,Sec2,11,2,426.196926230623,211.31927103597,0.088284021649656,834.151905168209,16.3971367747018,1.08074031822705,45.9594423392023,56.0046150855263,27.6665162356269,1.51916816215211,6.52605968109135,0.097459888170183,0.454867300616803,0.8087008677093377,11.16,-7.08,6.22325312119645,,-2.16,10.08,-13.32,-1.08,0.12,36.71203333333334,22.204065615161173,2.451154755976817,5.446824067582095,0.152069540693061,8.670237798007973,16.670350000000003,26.568293501381657,0.8000000005651016,21.734189003258027,-7.7399999999999975,-15.639957977167319,0.4451480840388242
78,106,211,Good,4076.0,10.56,213.0,301.0,0.692355364301275,4076.0,287.071686546973,430.045123647034,0.062275656669698,0.1742796675594,0.008791823857424,0.058658992562148,0.033804811546888,5.55740699339449,0.692355364301275,0.6351119845101,4.10466308212756,-0.055981378706675,0.242438180106027,Sec2,13,2,287.049029307714,430.033491213896,0.126336276726264,0.0,0.0,0.0,0.0,0.0,14.3481673909559,4.00071783914119,5.61711695427517,0.277240327535112,0.031182771562202,0.8500922562133091,10.56,-5.04,8.48008329017586,,-1.68,3.6,-12.24,-6.960000000000001,0.12,20.289800000000003,17.329428650284804,3.9676015791109815,5.706711391190616,0.2523402307467819,-0.603260190799577,15.840750000000003,3.4985677300236295,0.8072037049061376,6.626359034471217,-1.985872349384211,4.354606224956818,0.09236258883736059
79,107,212,Good,7178.0,8.88,322.0,396.0,0.49729359503108,7178.0,866.157089228945,188.878218065152,0.089407620537292,0.700958456119218,0.011290217186458,0.064362650997173,0.10878478414341,4.3179421488444,0.719859347072522,0.314828251520793,3.23174336186162,0.662220637003581,0.033138668726361,Sec2,13,2,866.153420068165,188.875229381647,0.075163433231435,398.600975049605,11.4083670806675,1.09853432695398,43.9480914416722,49.663944953527,8.38512101096973,3.66186350180684,4.91423975042935,-0.243433920008018,1.71008446068664,0.6520631430709907,8.88,-3.96,7.22836926978769,,-2.52,5.16,-11.4,-3.7200000000000006,0.12,15.520366666666671,8.306599377738873,4.339366274974882,4.47894846139658,0.012484872340956521,3.5323036909452687,13.724083333333336,6.085599257005616,1.5314479134977894,0.247769870001078,-0.186923572159146,5.249578872835241,0.04459899169798853
80,108,215,Good,835.0,11.16,43.0,136.0,0.838749951351922,835.0,870.129623059003,342.18818656586,0.089436631344262,0.39448795932569,0.004361808632928,0.074614284100809,0.072804562154728,4.46401267356061,0.936181896721927,0.798121356964111,3.99961223106294,0.202504112606957,0.801930291312081,Sec2,14,2,870.123202965805,342.193781428881,0.100840299390169,429.1109211738,11.6981646206632,1.05450185943279,39.3376069538977,29.8557310034425,18.1997394708636,4.99999985823963,6.44688896609463,-0.085090483061276,-4.42115869534936,0.7587093814166036,11.16,-6.48,10.2955125450032,,0.0,2.76,-11.16,-8.4,0.12,24.093516666666673,19.661812245757513,4.999999966285527,6.372796754665336,-0.1383886248786057,-3.4279904018280933,33.34815000000001,28.589242159929412,0.8126874039377155,4.180112295064984,-3.664996155831922,-4.058449268920052,0.5823171142572638
81,109,219,Good,8609.0,6.24,322.0,374.0,0.464097826992107,8609.0,224.55701942182,165.940409124698,0.084418857023535,0.228403220051571,0.01720461829389,0.069564709868493,0.048040894720212,4.67828210794701,0.5957998961474,0.561391117887677,4.21073303382602,0.956742755950443,0.591024943760463,Sec2,14,2,224.551587729805,165.954400276948,0.105722329418635,400.438117790791,11.3402587913677,1.05279349332413,51.8509637871679,40.6666628749432,10.5822761007888,0.800000002328919,2.48105972772279,-0.36154206857976,2.57255813984605,0.7218942400246564,6.24,-1.68,1.21574053330063,,0.6,4.44,-5.640000000000001,-1.7999999999999998,0.12,15.347233333333337,13.44661097633254,0.8000000000037306,3.3408534838055175,-0.38344128037750513,0.046020874270382366,38.452766666666676,62133.979697312236,0.8821819544567113,330.31017460315536,-0.6619073386971264,-62098.366647214956,0.8171147129828411
82,110,220,Good,13.0,12.12,12.0,113.0,0.299530126589517,13.0,648.71420600409,450.584603379516,0.076494063478342,0.693315367173495,0.010129139730094,0.055544953993737,0.094677575762045,4.63657573625153,0.50124093150346,0.105216085209566,3.03793908619933,-0.387232462565104,0.095420474097842,Sec2,2,2,648.705945683011,450.571950744587,0.038769607507615,1006.23683918184,18.0430495662543,1.05152219335828,52.3230530933571,49.5048011286352,14.838257959092,4.75771946288211,6.76860136272499,-0.294964019756771,-2.37332663299787,0.6195136437603297,12.12,-6.72,10.6861148762532,,-1.44,11.76,-13.56,-0.3599999999999994,0.12,22.293533333333336,14.443628125129624,4.999999979956438,6.568046186104396,-0.3490806555302539,0.8754829990909685,35.887950000000004,32.840531378323874,0.8000000029642893,9.75988730824402,-2.913127478820857,-1.3783329965162892,0.7790783758488165
83,111,223,Good,7723.0,6.48,344.0,398.0,0.369217565503883,7723.0,461.252027547683,334.075985922808,0.080657129907562,0.618921979371868,0.0,0.050679483887707,0.11308616813628,5.06957459883256,0.750620396060735,0.803551823009144,4.27295184665256,0.686541572449699,0.19247551569863,Sec2,2,2,461.255298862325,334.062887803106,0.084770711925676,0.0,0.0,0.0,0.0,0.0,14.3337234184489,1.22564016838482,3.49231621913938,-0.327550668937622,0.325275389007527,0.6697773218854886,6.48,-3.24,2.78897695906352,,-1.3199999999999998,3.48,-7.800000000000001,-3.0000000000000004,0.12,18.641683333333336,13.877190367097514,1.6223870766755195,3.3161866689309294,-0.3475832971780277,1.656207383622918,25.96018333333334,137.7894911911339,0.8000040598902457,21.317489725057925,-1.6883253011527497,-116.02754962654676,0.3938413295124352
84,112,224,Good,248.0,8.76,16.0,89.0,0.155820472291174,248.0,441.251619707238,186.831535071574,0.067962046874334,0.291961657032712,0.00411611101448,0.055809647666492,0.050486083006056,4.95015809342668,0.715101926959755,0.779582165383003,3.10693121672393,0.403542109898159,0.422620500837054,Sec2,4,2,441.173414629712,186.847656832081,0.031407632875363,777.41547252872,15.8577637033847,1.06800735889599,41.7579001716064,53.7569906034245,19.5732104991077,0.928739889472019,3.90871523608721,0.590611893503665,-2.89868663603118,0.732376920562782,8.76,-3.24,2.32760410146642,,-1.92,3.48,-10.68,-5.279999999999999,0.12,21.122233333333337,17.7860144920299,1.395340827793489,3.2614808957727224,0.5678910363019414,1.3188041754295097,38.044450000000005,32.08338149465408,0.9210660402713884,6.140944076358483,-3.6401703326028647,-5.017632526680677,0.4507060246972838
85,113,228,Good,2745.0,10.2,190.0,275.0,0.908190280183192,2745.0,482.303487943572,439.120543140439,0.071001774146788,0.432398717256416,0.0049944798859,0.06087310022673,0.055712543967027,5.35767231431118,0.98974414854681,0.509596321194671,4.40390390943187,0.754508760240343,0.495120835682702,Sec2,4,2,482.298006557361,439.132449839255,0.150483444392216,732.658897945671,15.3336955377462,1.05152927625104,36.1636223837991,53.5298121071655,16.715030387384,2.58055821535747,6.13415356430656,-0.2871160911,2.5808581884087,0.7201793178537911,10.2,-6.12,7.93271954633287,,-3.24,11.28,-13.44,1.08,0.12,28.62313333333334,19.69078792105279,2.576358894841411,6.199860758103246,-0.33683755061902954,2.341082055853437,51.04075000000001,30.031285544822204,2.6617765769327644,6.556984610884534,-1.4580119013214858,3.3436241498025323,0.7128127170899645
86,114,229,Good,3526.0,3.84,225.0,257.0,0.44445800199107,3526.0,588.310868458715,136.90925930283,0.119879760108249,0.817293449526679,0.016420991537532,0.067475861965202,0.180137328079967,4.00482801957564,1.35597159611525,0.375598309256814,3.2402119813142,0.720535384284125,-0.056664799887037,Sec2,4,2,588.276129215669,136.933680981351,0.115860363331384,636.119174648536,14.4098272412963,1.09487160245183,52.0684980490544,47.3360583775285,10.3742774695151,1.37541438211746,2.58559343644881,0.016827187130506,1.56153032478797,0.8015322579007118,3.84,-1.68,2.28195693598053,,-3.24,2.76,-7.08,-1.08,0.12,15.150933333333336,12.503022003939865,1.3107130018383688,2.763972638789595,-0.060185199026643765,1.0819691051009386,20.862033333333336,12.45327714882789,4.999994717564203,2.939540952112216,-2.4206998956625854,3.492386767426198,0.6297789957845801
87,116,233,Good,4760.0,8.4,163.0,233.0,0.502204827783019,4760.0,413.994028831131,459.903814219346,0.055759517105838,0.182370942055764,0.006638842445715,0.048173472549755,0.033586782934596,5.2904160190636,0.699596130430034,0.533376364640786,3.34187860742608,-0.142424462333558,0.102923620314825,Sec2,5,2,414.002492558787,459.900762825605,0.128666011741029,702.212702449142,15.0589144087247,1.06121286011429,56.3881782185354,38.8739275260629,7.11996612672007,1.5452354861787,4.04382545995516,-0.271378091090418,-1.38604316060811,0.522788235019023,8.4,0.0,3.90467709579971,,-2.04,9.6,-10.44,1.1999999999999993,0.12,11.363883333333336,9.583621379167889,1.2718403354471264,4.4552689172004944,-0.23769992427915154,-2.2460784670335987,34.80000000000001,21.882643058930825,1.972368045195343,5.485078341875979,-0.9575251187810911,4.494687892252348,0.6442620375232468
88,117,243,Good,4431.0,2.28,262.0,281.0,0.268157989963909,4431.0,708.322333576776,414.836972160045,0.162354469652006,0.342736886024415,0.044637940377793,0.126222596157226,0.104128514517343,4.10740470886231,0.766539794466304,-0.036657600402832,3.80002310011122,0.386949206155444,0.479392187935965,Sec2,7,2,708.28803990255,414.786609522653,0.086930642866839,1136.9685060564,19.7954881579497,1.23241434781104,43.7210837810485,34.5724966207945,14.8535950138504,0.800000000000641,1.31294871403758,-0.032516679812463,5.42886324296639,0.7127989702801099,2.28,-1.08,0.643356121350478,,-0.36,4.56,-2.64,2.28,0.12,23.20928333333334,17.41803020567372,0.8000000000353586,1.254316714520591,-0.07352331286701252,6.604894286587446,9.97131666666667,4.476301531321715,4.999675664634279,2.7964859165099525,0.6159993720015309,0.48871502318442844,0.21875540035580032
89,118,248,Good,6328.0,7.32,268.0,329.0,0.324222284351839,6328.0,536.385047469537,269.507626904773,0.096967142066076,0.4592320055252,0.005367364264507,0.069952197215007,0.084553669518734,4.42897193662582,1.04209945089421,0.436825350792177,3.71071456581034,-0.135768254597982,0.04903675260998,Sec18,12,1,536.403971293438,269.48635066097,0.054813613171997,459.555704388175,12.1485219240915,1.06460344748479,48.2301499036835,34.6519252846919,16.6026946102892,1.10263773192094,4.38068334231111,0.239828951934535,1.399733857904,0.8215265135373178,7.32,-3.72,3.15789174840492,,5.04,13.8,-2.28,6.48,0.12,23.01851666666667,26.14094747268331,0.9376996861017927,5.658595614959914,0.15659726037910238,-5.4471273491270615,68.44075000000001,24.96227014207612,3.5833114846630574,2.3921191581141663,6.824674997715687,22.51483630289869,0.4236410864658897
90,119,249,Good,1669.0,6.36,133.0,186.0,0.368573424025986,1669.0,668.695722393393,263.234787807477,0.062343698347862,0.197032119949676,0.005485274867233,0.051199631441275,0.043003474518202,4.63752082542137,0.753757915528374,0.890401020756474,3.55911315321432,-0.346948245215037,0.541563730391245,Sec18,1,1,668.694113980357,263.208785752297,0.111546406965742,825.044343848658,16.3101007092625,1.0586245872885,52.1126315817347,37.4799033074204,15.3129853048893,4.99999939065022,3.27160966099756,0.131181601981937,-5.34363641125944,0.8421034704019572,6.36,-3.0,5.22467468812371,,7.199999999999999,8.76,0.839999999999999,2.3999999999999995,0.12,16.217600000000004,18.177444589495813,4.4768622339552335,3.3240796920111846,0.07689355545961796,-6.211401891316587,55.27500000000001,39.43070169968933,1.0030721277327774,1.974232534079221,4.02,12.47127607362684,0.6783280537822383
91,120,250,Good,1687.0,8.52,158.0,229.0,0.160269594381597,1687.0,438.762522018875,247.615951809102,0.064572579639909,0.167829218674895,0.003681497387192,0.063018098005836,0.030118714601281,5.49875121646457,0.320387030446448,0.324480044841766,3.97422448499703,0.131302485390315,0.537009193783715,Sec18,1,1,438.7876680782,247.632684727784,0.034957845006575,684.278533499099,14.8091926351118,1.06387620561163,50.1061309580721,32.4478065187349,16.4318887802624,2.51674110313997,4.61032698627911,0.013455590545941,1.14270336666725,0.780635231361321,8.52,-4.32,5.89654355910202,,8.28,12.96,-0.2400000000000002,4.440000000000001,0.12,25.610200000000006,16.230065658111585,4.99999999927576,4.3475054746020945,0.08324950991066071,3.29193339186466,50.361116666666675,50.73961247374272,1.140046134703934,1.4776615027487388,6.206119419646375,4.289953669279445,0.8460340886772807
92,123,259,Good,4984.0,18.6,181.0,336.0,0.424020523977765,4984.0,213.37037985797,225.757116025103,0.076056761492187,0.291156959765235,0.002462860600942,0.061628174906852,0.054052501604584,5.97788612659161,1.14597685189061,0.268430226888412,5.39549761552077,0.054796884930323,0.928259440830776,Sec18,6,1,213.397566921302,225.740342049538,0.03596808791298,1169.00109324369,19.8402216449543,1.16274382213118,39.0706414242428,51.4682225459995,21.484595264623,2.50284534071163,8.56856216103709,0.303381145810523,-3.37810848547139,0.8317800779190252,18.6,-8.4,10.931902184441,,14.52,23.04,-4.080000000000002,4.439999999999998,0.12,26.23148333333334,23.132314091066643,2.712805514122814,8.441324639218124,0.19860441062687428,-2.6326690956765098,50.595383333333345,25.19022377245281,0.8222757684446405,1.5643545260471636,8.589587148348414,24.61652512469044,0.4332556476419238
93,124,262,Good,1734.0,8.64,186.0,258.0,0.673675213520732,1734.0,756.705090976809,55.7663524593464,0.053075937268553,0.307205329866836,0.004783911154391,0.044459526566225,0.044376641046541,5.22165768767056,0.673675213520732,0.343756680945827,3.88591528882356,0.784766091240777,0.456856122092595,Sec18,9,2,756.712615598316,55.7761508426752,0.176287045868742,790.895598636451,15.9166769172064,1.05128949976697,43.1221032661442,28.1428459278694,16.0499666961039,1.3913023677694,4.75733850299485,-0.019918478890868,4.36451299355305,0.8477592647247619,8.64,-4.32,4.2380728321373,,8.16,12.0,-0.4800000000000004,3.3599999999999994,0.12,26.479650000000007,23.72410775675419,1.0865544997439867,5.675201630351629,-0.10628966200793766,0.1673291104799601,46.637933333333336,15.455240278066277,1.1559711305871754,2.873670666890572,7.139728116480985,16.173596608599492,0.3018837080637732
94,125,266,Good,7838.0,10.08,310.0,394.0,1.18453548705213,7838.0,369.542700647017,261.710741607571,0.073441030748224,0.271077298828896,0.012712849973319,0.06404076754999,0.04668830647041,5.9369286032284,1.18453548705213,-0.094306720284855,4.28729548236124,-0.48959844074552,-0.244532267252604,Sec18,11,2,369.49268696898,261.665781808848,0.192012731812557,697.635545831161,15.1647789916817,1.13572322502222,35.5980510808828,48.4059928634818,24.8911758225018,0.866481269127995,3.7552967168261,1.46976660534031,-0.140120873538256,0.7894555032361651,10.08,-2.76,2.04981152401839,,9.84,14.52,-0.2400000000000002,4.44,0.12,30.80276666666667,26.919325306802275,0.9472206665861227,3.6207560455889922,1.460306047609718,1.2124767141158979,22.617600000000007,17.57555432947673,2.5331062063398004,1.2489552617691082,7.560328303007035,5.914507400063616,0.0995164814207804
95,126,267,Good,1886.0,9.96,104.0,187.0,0.682793017422323,1886.0,472.842976587618,37.928556428438,0.088289939277093,0.197894592797761,0.015799153216197,0.077947254585061,0.049764373797185,4.33586238679432,1.02642067513659,0.57102594829741,3.56577918138454,-0.008999779110863,0.564382553100586,Sec18,12,2,472.869067692514,37.9291007189605,0.093175077070063,391.47220620801,11.2555785532248,1.06684792790997,37.6682592507928,36.4180117850379,8.97358548690061,4.99999995591251,5.2758634511708,-0.305275794390807,0.851874067870827,0.5751654597370554,9.96,-4.8,8.42541555651105,,13.32,15.48,3.3599999999999994,5.52,0.12,17.72778333333334,9.560473859791264,4.999999919834358,5.186839619988593,-0.3642387076954421,1.5056741593180913,24.683350000000004,17.470060970194613,1.8971184995739014,3.081528048609031,8.34,-0.7759758629428244,0.5089915033783923
96,127,268,Good,5525.0,11.16,180.0,273.0,0.500104747230978,5525.0,225.700238051837,94.2519629312984,0.127714194437127,0.694200057794653,0.006726583526811,0.083289386967907,0.127337809157129,4.98205874828582,0.783137852744356,0.293245888770895,4.50497043330055,0.540857738918728,0.819199546935066,Sec18,13,2,225.672599831624,94.2373118728677,0.042105503025981,905.432217781154,17.0694824971417,1.0523576495618,48.5446499618281,51.9315220963546,12.3620061157595,4.99954796932969,5.99783470020555,-0.154400850002846,4.44285934493692,0.6341082231127152,11.16,-5.76,9.57818983939999,,10.08,13.92,-1.08,2.76,0.12,27.531466666666674,129.19994782171742,0.8000006704066672,27.154608916925568,0.4488276803431219,-107.48922348401187,25.061100000000007,36.1275141580641,3.62988801396094,1.0055240997685047,7.038088337179013,-2.681280182917261,0.30551508947836425
97,128,270,Good,282.0,10.08,53.0,137.0,0.710223426612755,282.0,858.401719348672,356.007797786473,0.06530665504753,0.256274212685495,0.004851936668172,0.059012252701639,0.039883543617292,5.49527991799747,0.755109498498311,0.478729956009809,4.27114913790834,-0.012701246473524,0.726496227203853,Sec18,4,2,858.385834255304,356.008384523623,0.129466756287787,849.904731939462,16.5406317056492,1.06053731581247,45.4218154574104,52.5140054699729,21.4435433297338,2.52167422612967,5.5808641684186,-0.610800681239817,4.83290128734741,0.8559276126323765,10.08,-6.24,7.14409261612656,,9.6,14.28,-0.4800000000000004,4.199999999999999,0.12,33.24261666666668,24.79451683278695,2.4174760987097454,5.679781713318211,-0.572238591992356,3.467749485896993,47.94536666666668,36.78860132871093,1.1161612533832224,3.0324702274241893,5.859750522205449,-0.8145454016620772,0.7911645984838239
98,129,274,Good,338.0,61.0,31.0,92.0,0.652,338.0,101.732,776.451,0.081,0.211,0.008,0.063,0.052,4.025,0.763,0.374,3.267,0.398,0.812,Sec17,0,1,101.737,776.414,0.133,0.0,0.0,0.0,0.0,0.0,14.9445855340251,3.35515458808762,4.25772606817298,-0.072382569524182,0.947455818899162,0.6991136176366208,7.32,-4.08,6.08923649329866,,6.9,12.995,-0.4199999999999999,5.674999999999999,0.11,21.871300000000005,16.021969442207677,3.0306441385040523,4.014020906589082,-0.1736056137831512,-0.10568820485064674,48.621283333333345,12.647674243870474,0.9257780717249217,3.145106699450347,4.966714639673775,20.107080561904972,0.2751590621998531
99,130,280,Good,20922.0,79.0,298.0,377.0,0.894,20922.0,112.009,468.078,0.076,0.364,0.005,0.063,0.056,5.033,0.952,0.792,4.614,0.48,0.64,Sec17,9,1,112.001,468.1,0.15,0.0,0.0,0.0,0.0,0.0,19.8587677979045,1.50883670383115,5.05954731617733,0.080942510797889,-0.292534752494828,0.82567531324148,9.48,-4.92,4.80037935249704,,7.935,13.11,-1.5450000000000008,3.629999999999999,0.11,23.800916666666673,42.96693936924166,0.8000000009569934,8.56409521845874,0.14900324173032597,-21.785535771764106,38.22500000000001,23.677181418916916,1.0717177053536713,1.6887253397731594,5.430176147037627,10.627708560512177,0.5085254109542918
100,131,296,Good,2408.0,110.0,66.0,176.0,0.234,2408.0,96.951,612.159,0.059,0.163,0.002,0.054,0.033,5.262,0.396,0.515,3.756,-0.254,0.815,Sec17,15,1,96.944,612.152,0.036,0.0,0.0,0.0,0.0,0.0,19.373204090337,1.45043104447628,5.75320013419321,0.546056343746034,-3.58804777983314,0.7928452340836197,13.2,-5.16,5.29702479385019,,12.88,17.94,-0.3199999999999985,4.740000000000002,0.11,19.469450000000002,22.277067010731102,1.2160196124385887,5.830106159954835,0.5024142440396266,-6.222615507414983,38.77963333333334,19.77456306291095,1.3100234951885277,3.3850809272351774,6.901485850088438,12.174959193268391,0.5778589641597791
101,132,309,Good,9133.0,100.0,196.0,296.0,0.343,9133.0,32.677,544.005,0.101,0.634,0.011,0.069,0.102,4.477,1.17,0.659,3.055,0.591,-0.267,Sec17,3,1,32.655,544.015,0.034,1155.407,19.307,1.072,49.941,30.976,18.0089863025052,0.867369568494125,5.1889033170312,-0.640553192301009,1.06740612219022,0.7212561675832962,12.0,-5.52,2.83610836207587,,10.35,17.94,-1.6500000000000004,5.940000000000001,0.11,23.555550000000004,37.00671332606515,0.8000000047414436,9.919666101777336,-0.34990426174450384,-18.710012779351832,59.658316666666686,32.89431236772276,2.5142163980022887,2.6768467621384957,7.925975148471871,12.877238526528716,0.6997163413867755
102,133,310,Good,7581.0,87.0,112.0,199.0,0.25,7581.0,467.065,573.411,0.082,0.247,0.008,0.073,0.054,4.779,0.811,0.463,3.488,-0.277,0.649,Sec17,4,1,467.048,573.389,0.035,0.0,0.0,0.0,0.0,0.0,18.2045161040062,1.83638766196204,5.2193475057459,-0.038361517817335,4.91543763853035,0.7937109351487923,10.44,-5.04,5.65649144981491,,-0.345,8.05,-10.785,-2.389999999999999,0.11,28.748150000000006,27.63185204428899,1.0313000288303797,6.293980791348157,0.11835322298757678,-3.326187942778041,31.525900000000007,31.875407648219223,0.8000000153202714,4.468252880540986,-2.4369331152491513,-4.0765567019575215,0.7610398375078566
103,134,324,Good,18300.0,77.0,259.0,336.0,0.179,18300.0,100.624,530.844,0.092,0.542,0.01,0.078,0.08,4.746,0.549,0.206,3.352,0.717,0.959,Sec17,6,1,100.624,530.835,0.025,806.399,16.114,1.082,41.861,46.232,13.2563164715049,1.73597503626638,4.26212961985851,0.420336109236085,3.15288599245058,0.7126596146771607,9.24,-3.24,4.45826436512301,,7.705,17.02,-1.535,7.779999999999999,0.11,19.42131666666667,16.142317668241827,1.263044932810438,4.414555992375097,0.4270100270714918,0.6698662662881018,48.702766666666676,18.71374011714684,3.1162905978059916,2.674044965929545,6.29186536646511,22.092534973943707,0.5422940467606132
104,135,328,Good,1378.0,36.0,126.0,162.0,0.202,1378.0,156.287,245.272,0.069,0.185,0.023,0.063,0.035,4.144,0.656,0.517,3.543,0.791,0.738,Sec17,0,2,156.256,245.274,0.081,425.497,11.692,1.052,31.409,35.606,16.2168516129894,1.66315297561583,2.79390136733379,-0.310163830963062,0.857341245103182,0.771585914406953,4.32,-2.88,2.84069760300096,,6.325,9.66,2.005,5.34,0.11,20.05831666666667,16.1341073424157,1.6698317461397365,2.5555582317958727,-0.28363587711524385,0.9213576802869019,14.826850000000004,21.983924629123763,1.182470166202195,3.0701362264129926,5.717201637564443,-11.134733881865868,0.7925415854032811
105,136,334,Good,6017.0,51.0,331.0,382.0,0.849,6017.0,277.645,447.999,0.073,0.304,0.006,0.055,0.058,4.305,0.849,0.704,3.422,0.534,0.989,Sec17,14,2,277.672,447.998,0.229,1155.712,19.416,1.125,30.111,37.746,10.0125792744238,4.40407666313909,3.25719818862931,-0.100461100420252,-0.067565832190496,0.7232884172329346,6.12,-2.88,5.04565616288214,,7.475,12.535,1.3549999999999995,6.415,0.11,13.574083333333336,10.071818281508984,4.213302729183352,2.986209259554116,-0.13292786619646835,-0.10779293768911338,33.842583333333344,8.233258439821038,0.9113329897065815,3.1108386060645294,5.936085786806617,16.667767726317734,0.21326976007602594
106,137,341,Good,3941.0,54.0,207.0,261.0,0.695,3941.0,264.733,167.257,0.084,0.2,0.023,0.077,0.043,4.502,0.815,-0.103,3.305,-0.299,0.778,Sec17,16,2,264.738,167.241,0.154,719.231,15.185,1.056,49.398,29.161,18.4968617809736,1.32317318333663,3.38241215697041,0.393590756303247,-2.04769210215444,0.8323082627154633,6.48,-2.88,2.8903241156265,,7.13,13.8,0.6499999999999995,7.32,0.11,18.948150000000005,20.888918146374657,1.0865068476219166,3.425950962992875,0.40903648393527225,-4.1400066735691805,33.82593333333334,23.107895684029966,0.8675227708235709,3.3523367213301976,6.570831309442772,-2.713069618381361,0.599797188768092
107,138,344,Good,2075.0,83.0,196.0,279.0,0.277,2075.0,305.878,927.949,0.054,0.19,0.004,0.046,0.034,4.475,0.874,0.306,3.068,0.475,0.93,Sec17,17,2,305.925,927.936,0.061,0.0,0.0,0.0,0.0,0.0,11.2237766313939,0.871580232867509,4.2950045996475,0.684599387494942,2.81680757877574,0.6602809810643739,9.96,-1.92,2.36228676051755,,9.43,14.95,-0.5300000000000011,4.989999999999998,0.11,16.456500000000005,13.676500277402395,0.800000705622864,5.035553190877001,0.5007876611585607,0.2404867669122776,35.96573333333334,14.977201710306582,3.59394627362831,3.54561749262952,7.480635693912479,13.513205771441807,0.5661790772237512
108,139,349,Good,337.0,63.0,37.0,100.0,0.334,337.0,334.431,906.841,0.071,0.161,0.006,0.069,0.037,4.207,0.913,0.427,3.198,0.5,0.644,Sec17,4,2,334.437,906.847,0.074,267.793,9.315,1.066,40.386,40.304,14.4773119786749,4.14907885822344,4.39744611329895,0.295431316733238,-3.24311583003979,0.7307734671022281,7.56,-3.84,6.70586379519319,,7.935,10.12,0.375,2.56,0.11,16.722233333333335,13.530696183273406,4.673361254377381,3.950030034897672,0.2113895279719995,-2.341029214744835,32.94073333333334,19.258009963939617,0.8102833606204963,0.9296143468968057,5.514913104233629,14.923448093918624,0.7263212297750785
109,140,357,Good,1837.0,51.0,174.0,225.0,0.649,1837.0,436.643,140.204,0.093,0.651,0.016,0.065,0.117,4.194,0.841,0.064,3.416,0.993,0.253,Sec17,6,2,436.647,140.207,0.137,912.151,17.136,1.066,37.683,51.169,16.8721038079527,1.76803762823811,4.86097164158436,-0.267897650819465,2.49651895559312,0.6749360614771723,6.12,-4.8,5.14478185981476,,6.9,11.5,0.7800000000000002,5.38,0.11,24.667600000000007,26.986777875697044,1.4315087539544864,5.794669848902018,-0.37166570021466283,-7.556500744959199,39.69260000000001,34.2398997765241,0.8260632159104174,2.7087085698315754,6.829780236805791,1.2334199732165394,0.6989033257884936
110,141,359,Good,4557.0,69.0,303.0,372.0,0.85,4557.0,380.463,448.185,0.075,0.744,0.0,0.054,0.113,5.694,1.053,0.464,4.353,0.295,-0.2,Sec17,8,2,380.439,448.198,0.165,608.067,14.036,1.076,50.685,33.801,18.3421231314258,4.03264965854823,4.24631314549466,0.279666466667138,4.44646244803634,0.8061468980660544,8.28,-3.84,6.42489212146148,,10.005,13.8,1.7250000000000014,5.520000000000001,0.11,29.143516666666674,16.488499620850508,4.999999983587999,3.72923324260046,0.18961675623370589,6.287383634908533,59.59353333333334,20.452443833941267,1.8430778651111015,2.9758743546161464,7.53237500447429,15.947560709910494,0.4691444023392306
