,MANUAL_ID,TRACK_ID,TRACK_DURATION,TRACK_START,TRACK_STOP,TRACK_DISPLACEMENT,TRACK_INDEX,TRACK_X_LOCATION,TRACK_Y_LOCATION,TRACK_MEAN_SPEED,TRACK_MAX_SPEED,TRACK_MIN_SPEED,TRACK_MEDIAN_SPEED,TRACK_STD_SPEED,TRACK_MEAN_QUALITY,MAX_DISTANCE_TRAVELED,TRACK_MEAN_Q_ENV,TRACK_MEAN_Q_IN,TRACK_MEAN_Q_IN_BEFORE,TRACK_MEAN_Q_IN_AFTER,Protein,FILE_ID,SET_ID,CONFINEMENT_RATIO,Dur,To_CH2,Tf_CH2,To_CH2_TfC1,Tf_CH2_TfC1,FR,Imax_C1,Imax_C2,TRACK_START_CH2,TRACK_STOP_CH2,COLOCALIZE_ID
0,Good,1852.0,8.74,196.0,272.0,0.0163643402128876,1852.0,370.6259346963993,274.5739380523416,0.0699311080666968,0.1866732900823079,0.0119079822672043,0.0664605442291759,0.0402184834450653,5.687953701266995,0.7015536490993226,0.0123384475708007,4.534670599955329,0.0338339124407087,0.1014460003565228,Sec2,9,0,0.0030790340938639,8.74,-1.38,6.9,-10.12,-1.84,0.115,22.39723333333334,17.22778333333334,184.0,256.0,0
1,Good,783.0,6.095000000000001,131.0,184.0,0.8813265950544931,783.0,164.87437443882186,493.644541793332,0.0923138782322005,0.5350040160740027,0.0085989615049035,0.0741969655319078,0.0884028075031832,4.433442009819879,0.8813265950544931,0.7345209510238081,4.0093039367424606,1.0912549457852805,0.85706180996365,Sec2,2,0,0.1801333017170642,6.095000000000001,-3.565,8.280000000000001,-9.66,2.1850000000000005,0.115,10.04721666666667,17.58983333333334,100.0,203.0,1
2,Good,1209.0,4.83,182.0,224.0,1.375223984104463,1209.0,351.2893214050646,413.1967392961137,0.092024729689327,0.3249524710470519,0.0114777854651452,0.0596451117819518,0.0836850370029935,6.427748924077943,1.375223984104463,0.420866567035054,4.747346528124748,-0.2286930386982266,0.3827651493133061,Sec2,2,0,0.3558111857921643,4.83,0.0,5.75,-4.83,0.92,0.115,28.44168333333334,111.17685000000004,182.0,232.0,2
3,Good,910.0,5.405,98.0,145.0,0.350365162329009,910.0,302.55775484346,329.8625065690176,0.0854453632674609,0.3283423579603137,0.0043716236719056,0.0671240330996361,0.0704306716117702,5.527612050374349,0.9608882322192632,0.360869065920512,3.47800350189209,-0.0609627375527033,0.7247875153072296,Sec2,4,0,0.087243796934415,5.405,0.23,5.98,-5.175,0.5750000000000002,0.115,21.528700000000004,38.985200000000006,100.0,150.0,3
4,Good,2455.0,9.775,228.0,313.0,0.4569332789010361,2455.0,223.0882297282832,406.5932017712684,0.0507338774159643,0.1417653036916857,0.0096810223055675,0.0457899455794414,0.0280778050952013,6.101292410562205,0.6126841181141965,0.1297862064006716,4.480009581691536,0.7432208893791078,0.8222440235198489,Sec2,4,0,0.1059585016547207,9.775,-0.805,11.73,-10.58,1.955,0.115,24.700000000000006,40.9389,221.0,330.0,4
5,Good,997.0,8.97,172.0,250.0,0.5641436421901299,997.0,295.89759493946946,675.3352870081069,0.0655712104552652,0.1799744330972825,0.0040146803502299,0.0597866594423215,0.0389348935130854,5.536264540273932,0.8774062405077525,1.1035969384108917,4.724175685233374,0.7649485270182291,1.024597137693375,Sec2,5,0,0.1103016208957093,8.97,-0.5750000000000001,8.625,-9.545,-0.3450000000000006,0.115,18.126866666666672,25.33426666666667,167.0,247.0,5
6,Good,417.0,5.865,101.0,152.0,0.8729978222991741,417.0,83.90815740344071,299.04685291027164,0.064445261605716,0.1511022286508042,0.0032460345286532,0.0609894339678202,0.035039794424934,4.66090437082144,0.8729978222991741,0.6960179475637582,3.3201781867915736,0.7494285220191594,0.8702763148716519,Sec9,0,0,0.2656146306540755,5.865,1.265,8.280000000000001,-4.6000000000000005,2.415000000000001,0.115,18.637016666666668,20.386133333333337,112.0,173.0,0
7,Good,470.0,12.19,84.0,190.0,0.7900275911249814,470.0,180.01428413376647,297.64093215781224,0.0792247556091049,0.4455224684551764,0.0074861345278519,0.0669459568343525,0.0685543682258533,5.127306144928264,1.0245840443857743,0.7539847507655068,4.494165394784009,1.002313704717727,0.4056183042980376,Sec9,11,0,0.0940752726216633,12.19,6.095000000000001,14.375,-6.094999999999999,2.1850000000000005,0.115,28.59538333333333,27.607400000000005,137.0,209.0,1
8,Good,701.0,10.925,137.0,232.0,0.4018326134705834,701.0,351.7940152779791,289.53990462434234,0.0572349166557101,0.128122312320842,0.0060770488651161,0.053963764200042,0.0275325343283075,4.264439026514689,0.6851676965042891,0.4809339274962742,3.510096565440848,0.244135508461604,0.4701181744772291,Sec9,11,0,0.0739027368440995,10.925,7.36,13.915,-3.5650000000000004,2.9899999999999984,0.115,20.932400000000005,20.77961666666668,201.0,258.0,2
9,Good,1476.0,11.96,248.0,352.0,0.5408860221029358,1476.0,181.05043909883125,293.1391424595053,0.0478033484080537,0.2018543371569978,0.0042839573219054,0.0422926717284643,0.0334523977572368,7.31413094656808,0.915881726889578,0.6366760453723724,5.853478172342611,0.6844796074761286,-0.1166456010606553,Sec9,13,0,0.1087962937493454,11.96,4.140000000000001,15.295,-7.82,3.334999999999999,0.115,35.26943333333334,30.76851666666668,284.0,381.0,3
10,Good,2772.0,11.27,292.0,390.0,0.8722728562996191,2772.0,84.5217842125593,596.283059416856,0.0874877809937768,0.7166956454186365,0.0056680172790805,0.0682354702243011,0.100799692608091,5.301665026732166,1.2551502108432675,0.286838589292584,4.37367481869613,0.1487555428156777,0.8126113225543311,Sec9,14,0,0.1017369892175216,11.27,7.705,11.73,-3.5649999999999995,0.4600000000000008,0.115,22.33981666666667,12.069433333333336,359.0,394.0,4
11,Good,266.0,10.58,33.0,125.0,0.5944895181513584,266.0,323.2033843358529,640.6166818204931,0.0396537660970961,0.1581001302322558,0.0016350287336643,0.0346192577162141,0.0224529495991907,7.869900529102613,0.6598435920649113,0.693145534556399,6.7090350872299584,-0.0175009227934337,0.7912765987335687,Sec9,3,0,0.1629565921375326,10.58,5.0600000000000005,12.19,-5.52,1.6099999999999994,0.115,45.26666666666668,38.72408333333334,77.0,139.0,5
12,Good,679.0,13.11,141.0,255.0,0.7015692219849109,679.0,90.92848724250344,496.7120055861709,0.0415925065715223,0.295756685822829,0.0067727962041001,0.0358507025596768,0.0320118271076094,6.954160607379416,0.7673338836001079,1.0086161290044366,5.087345989430009,0.9321103777204242,-0.0313288370768229,Sec9,4,0,0.1479621328361416,13.11,4.025,13.685,-9.085,0.5750000000000011,0.115,35.87131666666667,21.069450000000007,176.0,260.0,6
13,Good,255.0,8.625,53.0,128.0,0.6499608154987744,255.0,59.63537532965376,283.99368365211427,0.0599768764476954,0.2000505755673995,0.0076200871153847,0.0526658292071476,0.0383015230750142,5.139324288619192,0.7867665702325521,0.4458645368877211,3.759767114070424,0.8034540206666977,-0.2802586328415644,Sec9,5,0,0.1444914226936765,8.625,1.15,11.155,-7.475,2.53,0.115,22.00555,21.59906666666668,63.0,150.0,7
14,Good,1217.0,9.775,177.0,262.0,0.8566382573262303,1217.0,322.665349001188,82.61323224534927,0.0778142946028706,0.2186124255983929,0.0093554991575348,0.0684014984987242,0.0515452116424545,5.226795107819314,0.8566382573262303,0.0944973091746485,3.3950969883329822,0.6360437907869855,0.109627193874783,Sec9,7,0,0.1295147272933414,9.775,4.6000000000000005,11.155,-5.175,1.379999999999999,0.115,21.004650000000005,18.023150000000005,217.0,274.0,8
15,Good,1386.0,10.12,205.0,293.0,0.3496562282246755,1386.0,323.69606638195233,86.12824265901078,0.0674841101969192,0.1684366085952852,0.0081978215474306,0.0638078795532466,0.0348685697313472,4.884659113508932,0.9044954591589116,0.7673027852947791,4.146248982937895,0.4902963941059415,0.8895335727267796,Sec9,7,0,0.0588785451602088,10.12,4.945,14.03,-5.174999999999999,3.91,0.115,17.260200000000005,24.971300000000006,248.0,327.0,9
16,Good,699.0,8.51,159.0,233.0,1.287975317618597,699.0,233.190304817124,321.54639831876864,0.0943181843744349,0.7130729550017588,0.0,0.0717299295365522,0.0973281112767959,4.1194302876790365,1.287975317618597,0.4014371287027994,3.1303748801902485,0.4466554853651258,-0.0742254711332775,Sec9,8,0,0.1845356966437653,8.51,2.53,11.385,-5.98,2.875,0.115,17.946300000000004,20.528700000000004,181.0,258.0,10
17,Good,1137.0,11.155,116.0,213.0,1.1821648286122062,1137.0,61.36118266133624,246.76554637983887,0.0565694005908008,0.2716259471452808,0.0001622731298583,0.0448068776736514,0.0418188104008539,5.568074596171477,1.1821648286122062,0.9348175107216348,4.4684134286547454,0.9456649356418186,0.3129180726550874,Sec17,9,0,0.2154391976416677,11.155,9.66,15.065,-1.4949999999999992,3.91,0.115,25.12313333333334,45.50743333333335,200.0,247.0,0
18,Good,2966.0,5.5200000000000005,266.0,314.0,0.7614449116210615,2966.0,52.81791104698256,627.267833860133,0.0860164327787354,0.3115176561075555,0.0080117418295538,0.0621546927979749,0.0698140480818153,5.422324511469627,0.9967080626469662,0.9850525291598572,4.942857668783659,-0.0728055257645864,1.0363817063588945,Sec17,9,0,0.1844233147819372,5.5200000000000005,6.095000000000001,12.19,0.5750000000000002,6.669999999999999,0.115,24.794433333333338,43.57686666666668,319.0,372.0,1
19,Good,730.0,5.635000000000001,57.0,106.0,0.8011539635119828,730.0,370.714627995089,155.0733696465901,0.0820372133508899,0.3342787690997723,0.004612328014964,0.0692134063666288,0.0615426501858446,4.202841567993164,1.1745787370450589,0.6990955276489258,3.938235931396483,0.6113080221509176,0.7437742021348743,Sec17,12,0,0.1993007833904209,5.635000000000001,6.44,9.775,0.8049999999999997,4.14,0.115,20.048150000000007,47.673166666666674,113.0,142.0,2
20,Good,1629.0,8.395,100.0,173.0,0.3812778109226259,1629.0,404.4512851332616,537.8807479612555,0.0730149343152974,0.2836644677468246,0.0028754963705949,0.0723344903995015,0.0468211890068639,4.989547317092483,0.6232127330221717,0.442716763470624,3.4172518962138394,-0.2392028324187748,0.7842379978724887,Sec17,13,0,0.0715330878572689,8.395,10.81,16.79,2.415000000000001,8.395,0.115,17.48795,52.44260000000001,194.0,246.0,3
21,Good,6548.0,8.74,291.0,367.0,0.409870800480631,6548.0,97.12272832734548,658.8667570692635,0.0552877353497123,0.2214463567491274,0.002348027079986,0.0473843193937222,0.0367036321925531,6.307207677271459,0.8508678591848264,0.0910301134183809,4.3192725849014,1.0953474196176682,0.9832890222943018,Sec17,13,0,0.0975449042055469,8.74,7.475,12.305,-1.2650000000000006,3.5649999999999995,0.115,30.39166666666668,79.13333333333335,356.0,398.0,4
22,Good,2756.0,6.9,191.0,251.0,0.3656418694240479,2756.0,433.12838859988057,251.6388137468188,0.0616002748057655,0.1693798942149377,0.0076758771605142,0.0575378005894802,0.0350172820488797,5.188460428206647,0.5313841276433687,-0.0416137429534411,4.306781365788918,0.0551305498395647,0.9594677213638548,Sec17,14,0,0.0989286358913623,6.9,7.36,13.455,0.4599999999999999,6.555,0.115,27.10463333333334,47.87963333333335,255.0,308.0,5
23,Good,3423.0,6.67,232.0,290.0,1.00410072884865,3423.0,428.6557121420982,333.10362885854613,0.0707888785412343,0.230454028658265,0.0058110841377844,0.0614489748454029,0.0502535091367447,4.47210770946438,1.053775240468417,0.4377087463766841,3.982624671777988,0.7132364000592915,0.794781215607174,Sec17,14,0,0.2445593416455805,6.67,6.325,9.545,-0.3449999999999997,2.875,0.115,20.34906666666668,29.93796666666667,287.0,315.0,6
24,Good,3646.0,12.42,251.0,359.0,0.3027623899720801,3646.0,258.46303860462586,659.8706477786205,0.0586588976646965,0.2808316518713694,0.0054347772848049,0.0517937087265404,0.044421469349738,5.370629686828053,0.4047721588715111,0.7685674063656305,4.520368321347795,0.4967767624627975,1.098941681877015,Sec17,14,0,0.0477907968664684,12.42,9.545,20.24,-2.875,7.8199999999999985,0.115,17.164783333333336,60.58055000000002,334.0,427.0,7
25,Good,1124.0,5.635000000000001,120.0,169.0,0.3817171305968955,1124.0,467.00682619230975,380.59509678800407,0.0384235176921575,0.1092482888594598,0.0069751030169979,0.0371234060750582,0.0228600848211188,5.171895294189453,0.4770855426782677,0.6784114913940431,4.294492085774738,0.9353775145515564,-0.3706271156432136,Sec18,11,0,0.2027442043385541,5.635000000000001,5.405,9.775,-0.2300000000000004,4.14,0.115,18.657400000000003,35.76390000000001,167.0,205.0,0
26,Good,1137.0,3.45,116.0,146.0,0.9999012779559642,1137.0,327.80561231251374,343.92089328954535,0.0995490185449219,0.3482839138284588,0.0093142094438231,0.087193374581466,0.0769944157619114,4.46727309688445,0.9999012779559642,-0.1996467405749905,3.1349893795546664,0.6409463731069414,0.5698127141074528,Sec18,11,0,0.3348103586123512,3.45,4.485,7.82,1.035,4.37,0.115,12.912050000000004,53.09815000000001,155.0,184.0,1
27,Good,336.0,9.43,35.0,117.0,0.481410702087053,336.0,275.09855441411185,426.0648263249509,0.0560930954851722,0.1601566534444523,0.0107636213208427,0.0525186132124475,0.0286693748071919,5.11490621911474,1.0750490480486368,0.9955087776643684,3.835393147296214,0.1132691398499504,0.3336567954411583,Sec18,14,0,0.1046628318475633,9.43,9.43,12.995,0.0,3.5649999999999995,0.115,31.54628333333334,36.14258333333334,117.0,148.0,2
28,Good,545.0,7.13,101.0,163.0,0.7868186493148882,545.0,438.5937804123761,652.5671317373527,0.1074557175399077,0.6808857204946348,0.0223988591048976,0.094173917943392,0.0910350364380193,4.063201540992374,0.7868186493148882,0.1348051222543868,3.337664131554767,0.4075704302106583,0.0336075737362816,Sec18,1,0,0.1181009597868411,7.13,7.36,11.845,0.2300000000000004,4.715000000000001,0.115,23.500000000000007,25.135183333333337,165.0,204.0,3
29,Good,3521.0,8.625,316.0,391.0,0.6434158339696029,3521.0,282.00533629961353,32.92992281802503,0.0462519713321759,0.1704741335800451,0.006214608795124,0.0394697057536919,0.0290084602385186,6.38047278554816,0.6556650547831407,1.092971051366706,5.3963906974123255,0.7271110292464967,0.6580340975806828,Sec18,3,0,0.1854813435874745,8.625,8.05,14.375,-0.5749999999999993,5.75,0.115,21.11946666666667,24.912050000000008,386.0,441.0,4
30,Good,13256.0,9.72,309.0,390.0,0.676409551903726,13256.0,201.905364558922,369.659860309279,0.056074994561956,0.135402720248339,0.009764572956161,0.052295029311022,0.029130103111738,4.69118806792469,0.782654503799833,0.496122653309892,3.25150309927095,0.76234971909296,0.200984076848106,Sec9,0,1,0.148920838493552,9.72,3.48,11.88,-6.24,2.16,0.12,18.287033333333337,15.842583333333335,338.0,408.0,0
31,Good,4437.0,7.68,130.0,194.0,0.24523880029133,4437.0,306.884791330726,148.260720979905,0.050856058633939,0.119980254667664,0.008122521034829,0.045807726998716,0.028059466109722,5.04574496929462,0.283445963473371,0.503982388423039,3.66063523251786,0.668079088604639,0.060720655653212,Sec9,9,1,0.075347094475678,7.68,0.84,10.8,-6.84,3.120000000000001,0.12,19.333333333333336,18.306466666666672,137.0,220.0,1
32,Good,4941.0,6.0,108.0,158.0,0.900494482484507,4941.0,712.747370733533,48.0577517946927,0.077923443818897,0.266350165181309,0.007177485403338,0.066712270793062,0.054125973163871,4.70324677112056,0.900494482484507,-0.118621930889055,3.51502714801198,0.943924222673689,0.856459693303184,Sec9,11,1,0.231122865816188,6.0,-0.24,8.04,-6.24,2.039999999999999,0.12,22.01666666666668,26.44538333333334,106.0,175.0,2
33,Good,15460.0,7.44,249.0,311.0,0.40898638304621,15460.0,232.369010758624,263.481290769279,0.129083771156737,0.673267346613786,0.007204547723899,0.089426400778785,0.144355673266909,5.05373721652561,0.962866400583889,0.258183860778808,4.49449114656532,0.323850419786241,0.223867931063213,Sec9,11,1,0.051102896252168,7.44,5.88,8.879999999999999,-1.5600000000000005,1.4399999999999986,0.12,18.98243333333334,12.3852,298.0,323.0,3
34,Good,15524.0,12.84,247.0,354.0,0.754256958034009,15524.0,901.791332389999,288.635898680123,0.063545028528129,0.173092789680328,0.007115942660966,0.06248371202764,0.034840363407696,5.56236966451009,1.04573775459101,0.650994138364439,4.52180333785069,-0.400249208722796,-0.132846347869389,Sec9,11,1,0.110931265784162,12.84,6.84,15.0,-6.0,2.16,0.12,22.841666666666672,26.433350000000004,304.0,372.0,4
35,Good,4715.0,6.96,90.0,148.0,0.610192736689782,4715.0,114.927641485838,224.437946059742,0.120303983931928,0.818736744149117,0.003732422973982,0.079303967098346,0.130053186050707,4.32774753893836,0.79633547071023,0.335896247928425,3.4593683160182,0.501771442473881,0.345236157614087,Sec9,12,1,0.087449842323084,6.96,3.36,11.04,-3.6,4.079999999999999,0.12,18.668533333333336,29.747250000000008,118.0,182.0,5
36,Good,18918.0,11.28,245.0,339.0,0.578982674165576,18918.0,165.532063455579,178.185800354267,0.101570903753097,0.692541326340791,0.0,0.066255255124921,0.124498551181482,5.23434151097348,1.03037741750205,0.256175530082301,3.60869355229606,0.485077297876751,0.506995034596277,Sec9,12,1,0.060641285280577,11.28,2.16,14.28,-9.12,3.0,0.12,20.99168333333333,16.75461666666667,263.0,364.0,6
37,Good,1847.0,13.32,57.0,168.0,0.268872216684472,1847.0,517.693986476467,40.9751317346041,0.064920845385806,0.28924704126291,0.012603632360002,0.062275493763514,0.03657977905208,5.31128168106079,0.710311158546276,0.804269301891327,3.74370851970854,0.043067871578156,0.633284644475059,Sec9,13,1,0.03731116266259,13.32,5.64,16.439999999999998,-7.680000000000001,3.119999999999997,0.12,17.056466666666672,43.70091666666667,104.0,194.0,7
38,Good,534.0,10.8,35.0,125.0,0.621118865666881,534.0,431.162902530123,34.5956811173299,0.053587777461898,0.204957729393053,0.006119287760851,0.046957391660796,0.033780401142012,4.28371047973633,0.754508735078072,0.636028076004196,3.28987647674896,0.546390366932702,0.735425646342928,Sec9,2,1,0.128785350997975,10.8,6.12,13.44,-4.680000000000001,2.639999999999999,0.12,16.429650000000002,19.85278333333334,86.0,147.0,8
39,Good,2081.0,12.72,154.0,260.0,0.379307758839402,2081.0,692.816923275543,101.402702193201,0.071539831636468,0.754806650652275,0.0140413215958,0.05438372544092,0.096237622131329,5.49763859543845,1.33271202294358,0.504871986959582,4.43765560241256,0.771344866071429,0.883941529289124,Sec9,2,1,0.050019338898842,12.72,1.7999999999999998,14.16,-10.920000000000002,1.4399999999999995,0.12,25.54536666666668,28.006483333333343,169.0,272.0,9
40,Good,2617.0,12.12,165.0,266.0,0.625588345634296,2617.0,491.23088331635,391.622380029649,0.087015751639625,0.687162308044672,0.003493888533918,0.065579679535326,0.096056880837345,4.41664564843271,0.875795635455173,0.517117492825377,3.4799515053078,0.822252727690197,0.039860256134518,Sec9,2,1,0.071181871091955,12.12,7.199999999999999,12.84,-4.92,0.7200000000000006,0.12,20.20928333333333,8.714816666666668,225.0,272.0,10
41,Good,3810.0,10.08,253.0,337.0,0.149134933662598,3810.0,153.677663948235,439.737356875053,0.086944934620503,0.275942242375912,0.011031673768594,0.075799885619528,0.055594678516653,4.37779173009536,0.606919080691652,0.429611549377441,3.34383492812612,0.600866348024399,0.614845669458783,Sec9,2,1,0.020420003588306,10.08,1.7999999999999998,14.04,-8.280000000000001,3.959999999999999,0.12,14.024083333333335,24.425000000000004,268.0,370.0,11
42,Good,514.0,11.52,55.0,151.0,0.643462542279615,514.0,566.372105219864,70.9739173214755,0.118065048363569,0.752047909305437,0.001274898826892,0.086578329160327,0.120761996921686,4.59793016099438,0.855151550036531,0.046730612233742,3.45645532466019,0.684775670369466,0.687633302476671,Sec9,3,1,0.056771541690918,11.52,2.52,13.56,-9.0,2.040000000000001,0.12,20.136100000000003,25.98703333333334,76.0,168.0,12
43,Good,520.0,7.2,42.0,102.0,0.706610478812436,520.0,187.169629889855,363.804244730077,0.077378296788584,0.23189951525149,0.002665171669173,0.06568996256131,0.050133383385404,4.5433114473937,1.14645562938986,0.549313926696778,3.45683717640806,-0.464625918675983,0.404469641428145,Sec9,3,1,0.152198249409878,7.2,5.04,10.56,-2.16,3.3600000000000003,0.12,22.319433333333336,16.998150000000003,84.0,130.0,13
44,Good,5912.0,10.44,296.0,383.0,1.28994701371325,5912.0,437.734547856152,147.346280539014,0.072278806219763,0.689343735384911,0.0,0.056916454294787,0.078371583375075,5.40252312746915,1.28994701371325,-0.173707848245447,3.36227946329598,-0.195233057415675,0.411613524906219,Sec9,4,1,0.205135888991254,10.44,5.88,12.0,-4.56,1.5600000000000005,0.12,26.590750000000007,13.225000000000003,345.0,396.0,14
45,Good,499.0,13.2,31.0,141.0,0.178871606237088,499.0,437.094951228417,343.714303027804,0.084676546630232,0.633968201391687,0.00673254001316,0.06172454034265,0.092934572638361,5.27791774165523,0.716181214246234,0.846571852709796,4.65970076789131,0.906442127530537,-0.085951123918806,Sec9,6,1,0.01920372967437,13.2,-0.36,17.4,-13.56,4.199999999999999,0.12,28.87870000000001,29.479616666666672,28.0,176.0,15
46,Good,9597.0,12.6,243.0,348.0,1.16351107012609,9597.0,811.514490599975,341.994960754121,0.090327972171422,0.392957997638598,0.008049546282402,0.072486071956071,0.065132326142802,5.97447730010411,1.40914567918177,0.489909074891288,4.91561594149352,0.814901503305586,0.194744503687299,Sec9,8,1,0.122675817294949,12.6,5.16,16.919999999999998,-7.439999999999999,4.319999999999999,0.12,21.94260000000001,10.77591666666667,286.0,384.0,16
47,Good,1292.0,7.32,60.0,121.0,0.175317148400866,1292.0,745.666357843798,70.1655332306457,0.082431857143825,0.231144481131493,0.011537206187788,0.066466342156766,0.050831247364677,4.53013130926317,0.678743574131532,-0.00093509304908,3.52283138015364,0.493192460801866,-0.385020967513796,Sec9,0,2,0.034865787484496,7.32,0.6,9.48,-6.720000000000001,2.16,0.12,22.11481666666667,25.64445000000001,65.0,139.0,0
48,Good,3395.0,7.56,133.0,196.0,0.782040046681987,3395.0,249.566221646497,205.681682646816,0.087151164407299,0.268747643036042,0.012044269111634,0.07975370710153,0.055154560296572,4.20445168018341,0.812422679303987,0.58698433637619,3.69961320691638,0.362103310842363,0.249170273069351,Sec9,9,2,0.142434517757034,7.56,1.7999999999999998,9.96,-5.76,2.400000000000001,0.12,18.12776666666668,11.539800000000003,148.0,216.0,1
49,Good,6007.0,14.16,121.0,239.0,0.385329836605072,6007.0,896.288464013223,214.185970949724,0.053884483197847,0.182699834047641,0.003568972401963,0.049345741701055,0.032331160507639,5.22738153794233,0.679811541806842,-0.028112994923311,3.41773743901043,0.800212920658172,-0.138715971083868,Sec9,10,2,0.060601993302666,14.16,4.2,17.759999999999998,-9.96,3.599999999999998,0.12,28.978700000000007,20.70091666666667,156.0,269.0,2
50,Good,1449.0,6.84,57.0,114.0,0.433954274047956,1449.0,695.539802633473,141.558386657413,0.104441705394493,0.728371039596781,0.00143464421605,0.073926922804183,0.126977564030103,4.7595926482102,1.26161294292884,0.375058966669543,4.45971225139282,0.084205930195157,0.466558668348524,Sec9,11,2,0.072894566871327,6.84,0.24,9.12,-6.6,2.28,0.12,23.81666666666667,16.025933333333334,59.0,133.0,3
51,Good,11130.0,11.04,249.0,341.0,1.15017330288698,11130.0,449.235128308383,139.612297711844,0.085427797002337,0.845635212467239,0.006388712472335,0.063920162573241,0.099034083410993,4.49973022296865,1.33856404533429,0.475735906375352,3.20253506641092,0.262046935066344,0.123309846908327,Sec9,13,2,0.146344447190769,11.04,11.28,13.2,0.2400000000000002,2.16,0.12,17.60926666666667,12.99445,343.0,359.0,4
52,Good,2401.0,13.68,59.0,173.0,0.523407424622672,2401.0,389.899208794333,107.050949513839,0.057030034888589,0.161061240053341,0.005567229310674,0.049527023655774,0.034160313686244,4.78844674151877,1.06150006455859,0.441243778726329,3.47058520478327,0.285721067398313,0.510799317132859,Sec9,14,2,0.080506582319541,13.68,3.96,17.4,-9.72,3.719999999999999,0.12,13.25276666666667,27.54628333333334,92.0,204.0,5
53,Good,12423.0,8.88,205.0,279.0,1.15229171372895,12423.0,555.811854422759,41.4930998895387,0.098369039079788,0.594896195407659,0.006469475101654,0.069572642237198,0.100589270014609,4.62158081054688,1.15229171372895,0.188301696777344,3.37833581429941,-0.070655580550905,-0.013395006694491,Sec9,14,2,0.158296856314269,8.88,1.56,13.32,-7.32,4.44,0.12,19.090733333333336,19.10185000000001,218.0,316.0,6
54,Good,444.0,7.32,28.0,89.0,0.20300912151879,444.0,867.05327973058,85.6518045146263,0.06031368198784,0.352964885395428,0.004823626004331,0.043332853125792,0.053578000668106,4.49365658913889,0.801487412614693,0.77748633046304,4.17097702846732,0.528672324286567,0.996861049107143,Sec9,1,2,0.055178498076521,7.32,3.24,10.56,-4.08,3.24,0.12,26.230566666666675,13.4796,55.0,116.00000000000001,7
55,Good,3442.0,9.36,220.0,298.0,0.412811464652688,3442.0,894.744992477043,86.0738336901923,0.072970801438519,0.29248383328499,0.001889686888188,0.065084127391887,0.051359831298351,5.74897389472285,0.587247182233424,0.433199560189549,4.83819392294153,0.764214939541287,0.941785176595052,Sec9,1,2,0.07252838903645,9.36,2.64,13.44,-6.719999999999999,4.08,0.12,27.712050000000005,33.473150000000004,242.0,332.0,8
56,Good,4076.0,14.16,238.0,356.0,0.37492434286209,4076.0,955.697789819406,404.496008444723,0.086386087250544,0.776814693634574,0.007583189553788,0.064470388254701,0.096246862006947,5.2849063071884,0.654034483153607,0.109227245394923,3.15216696852284,0.140578285096184,0.103125118073963,Sec9,1,2,0.036780516870665,14.16,6.359999999999999,14.52,-7.800000000000001,0.3599999999999994,0.12,18.871300000000005,12.159266666666667,291.0,359.0,9
57,Good,474.0,11.28,33.0,127.0,0.684608874148415,474.0,534.36017023786,177.389836188654,0.082684386013116,0.711413922886828,0.003697763364901,0.057298003027936,0.103381855829871,4.58621870342054,1.33150901979798,0.380845226488615,3.77869442945335,0.217977463252961,0.23138545808338,Sec9,3,2,0.088082810799165,11.28,6.72,12.12,-4.56,0.8399999999999999,0.12,26.635183333333337,19.15835,89.0,134.0,10
58,Good,5268.0,14.64,251.0,373.0,0.687974023109624,5268.0,704.08657688933,154.714510226577,0.056785564157137,0.205709615688337,0.003387353404873,0.052453509845597,0.037467969416849,5.91957600911458,0.692575172563365,0.727331504201502,4.53500591577876,0.170523461841401,0.23751641833593,Sec9,4,2,0.099305720048137,14.64,10.8,13.8,-3.84,-0.8399999999999999,0.12,23.607400000000005,14.79813333333334,341.0,366.0,11
59,Good,7107.0,10.08,283.0,367.0,0.675492905235058,7107.0,318.786183882931,318.228931188906,0.089268955211503,0.296600341977697,0.007249417871013,0.077333663028802,0.059521297247833,5.06343697940602,0.743789590344076,0.239558540793026,3.94179269129934,0.603617562188042,0.751316524687267,Sec9,4,2,0.090082629354477,10.08,4.92,13.8,-5.16,3.7200000000000006,0.12,21.268533333333338,14.601850000000002,324.0,398.0,12
60,Good,3253.0,12.36,131.0,234.0,0.233158553369359,3253.0,374.398798936269,153.104444472508,0.073454800009884,0.274311798847239,0.002566114585445,0.06403158683819,0.053010417330189,5.8732825425955,0.68263144811025,0.494590988525977,5.44095979592739,0.533519048539419,0.980191488114614,Sec9,7,2,0.030817254626328,12.36,2.4,15.6,-9.96,3.24,0.12,27.64536666666667,38.20648333333334,151.0,261.0,13
61,Good,815.0,11.04,158.0,250.0,0.394206020649177,815.0,948.439701178684,419.169641490933,0.058689924671736,0.48514011360811,0.004970871909908,0.044911988654228,0.065164193942813,5.60368281538768,0.74731064692458,0.857184951536117,3.8561274210612,0.03594722445049,-0.081229134211465,Sec2,0,1,0.073008239054672,11.04,-0.24,9.96,-11.28,-1.0799999999999983,0.12,29.69906666666668,36.83335000000001,156.0,241.0,0
62,Good,1925.0,10.32,114.0,200.0,0.634230051027531,1925.0,200.014840516598,244.915083989153,0.05939183321935,0.186790702025086,0.012158033261389,0.054658609874831,0.033699831933486,5.65237729302768,0.634230051027531,0.554470981948677,4.04427939813256,0.546804821680462,-0.321895463126046,Sec2,9,1,0.12417141609297,10.32,-3.24,10.44,-13.56,0.1199999999999992,0.12,21.01666666666668,29.63798333333333,87.0,201.0,1
63,Good,6933.0,9.72,196.0,277.0,0.257508655030505,6933.0,352.069371639661,413.15501617548,0.0500568876456,0.187444900172426,0.007053580636928,0.044989911182236,0.030779180546333,5.94014646948838,0.507664098870175,0.091011677718744,4.20184305496009,-0.168226453993055,0.875514953855484,Sec2,12,1,0.063510125128339,9.72,0.0,11.4,-9.72,1.6799999999999995,0.12,27.68981666666668,23.89536666666667,196.0,291.0,2
64,Good,7117.0,9.72,194.0,275.0,0.795003466739295,7117.0,674.646102786105,143.679660894266,0.099802574848214,0.728192941462493,0.0,0.071967783448823,0.135123194816203,4.68452611783656,0.795003466739295,0.531341047984798,3.37695037510983,-0.074000948951358,0.43607415093316,Sec2,12,1,0.098342729423489,9.72,-1.2,9.24,-10.92,-0.4800000000000004,0.12,14.163900000000002,39.04166666666667,184.0,271.0,3
65,Good,8329.0,11.16,253.0,346.0,0.698295313744852,8329.0,146.801303655507,138.629540145958,0.081926385489186,0.691962410045994,0.003046196531292,0.049822943218274,0.122967070443318,5.69231617704351,0.828225741568759,0.661957522656055,4.28400179229448,-0.449992830791171,0.126255095951141,Sec2,14,1,0.09164998206455,11.16,-0.6,11.76,-11.76,0.5999999999999996,0.12,18.237966666666672,26.207383333333336,248.0,351.0,4
66,Good,3156.0,10.44,249.0,336.0,0.41677255680587,3156.0,563.88172120434,274.243873841255,0.058282556819661,0.282355043859078,0.003171237265444,0.052157929066588,0.040298521647464,5.57036139748313,0.811515487087437,0.475125279209831,4.03421737208511,0.913551663595532,0.430230276925223,Sec2,2,1,0.082194217620049,10.44,-1.2,10.68,-11.64,0.2400000000000002,0.12,26.01851666666667,16.97963333333334,239.0,338.0,5
67,Good,2140.0,3.72,197.0,228.0,0.4881690991322,2140.0,239.73541806077,199.772293570075,0.132716339301998,0.769604904069108,0.014686236427677,0.07428873014893,0.172380919097241,5.03878235816956,1.13255655652589,0.508481013774872,3.52844444910685,0.886904080708821,0.755542951916891,Sec2,4,1,0.118654495576113,3.72,-3.24,1.2,-6.960000000000001,-2.5200000000000005,0.12,15.643550000000005,18.568500000000007,170.0,207.0,6
68,Good,1741.0,5.88,113.0,162.0,0.449586193735453,1741.0,68.1316458871554,215.101326483142,0.045930234532074,0.188055049768089,0.002994037228606,0.034289795421292,0.039905664959364,5.28914527893066,0.732255171700499,0.354053482055664,3.75689392937554,0.266302668859088,0.636546528528607,Sec2,7,1,0.199764458793995,5.88,-0.12,6.0,-6.0,0.1200000000000001,0.12,24.100016666666672,7.370366666666668,112.0,163.0,7
69,Good,3164.0,10.8,182.0,272.0,0.279904391514387,3164.0,330.084787568294,349.953119719926,0.051590359765192,0.126228722742136,0.010602173240496,0.050556408795494,0.02521174091169,5.74153690547734,0.534467124931921,0.326355872311435,3.79456887809931,0.568649140615312,0.927310883052765,Sec2,7,1,0.060283526006786,10.8,-0.72,10.44,-11.52,-0.3600000000000012,0.12,23.30093333333334,25.953700000000005,176.0,269.0,8
70,Good,876.0,8.16,58.0,126.0,0.475649296261427,876.0,446.971043949543,32.8542436494407,0.073480935309962,0.277946132904218,0.008443249981758,0.067629608867182,0.04450019744595,5.06732177734375,0.540022201322937,0.592676005156144,3.73182866807529,-0.180812865968734,-0.398560841878255,Sec2,0,2,0.09519261782085,8.16,-1.3199999999999998,6.48,-9.48,-1.6799999999999995,0.12,17.708333333333336,15.519450000000004,47.0,112.0,0
71,Good,1987.0,7.8,127.0,192.0,0.961766234803224,1987.0,897.396161008972,480.228017337541,0.112998831805573,0.703421093675765,0.025649005109196,0.095272359498607,0.099308559872096,5.51675738710346,1.08537764720706,0.672463018243963,4.96503501147132,0.517299621824234,0.389672143118722,Sec2,0,2,0.130942978577128,7.8,-1.56,12.48,-9.36,4.680000000000001,0.12,27.25461666666667,39.33331666666668,114.0,231.0,1
72,Good,1193.0,6.96,98.0,156.0,1.24896668463071,1193.0,907.228961809866,462.54306026778,0.11627502417693,0.751958477273426,0.007830629757031,0.077563257987825,0.136763607140081,5.2762268195718,1.45479922643094,0.827718083333161,4.93415961112904,0.597355373322017,0.877845703609406,Sec2,9,2,0.185198055284309,6.96,-0.24,6.12,-7.2,-0.8399999999999999,0.12,30.60648333333334,25.626833333333337,96.0,149.0,2
73,Good,2053.0,7.8,102.0,167.0,0.129259891754378,2053.0,119.867129384564,151.096276538595,0.052695803513125,0.185669123225743,0.012870961267558,0.045894076408126,0.030126617856775,4.47524122758345,0.487484723867975,0.52942292473533,3.55989895123825,0.439937712654235,0.908738211979942,Sec2,10,2,0.037737610715108,7.8,-0.84,5.76,-8.64,-2.04,0.12,17.373150000000003,23.346283333333336,95.0,150.0,3
74,Good,2259.0,7.32,120.0,181.0,0.515574496584662,2259.0,675.185546563156,223.986023289721,0.050144717587222,0.130775048351451,0.013097016894544,0.042433659681826,0.026074309789467,5.88119359170237,0.65095810830384,0.756049971426687,4.37197619612499,0.422407498435369,0.487073913453117,Sec2,10,2,0.168552966978343,7.32,-1.92,11.64,-9.24,4.32,0.12,19.445350000000005,35.856500000000004,104.0,217.0,4
75,Good,3658.0,8.16,175.0,243.0,0.68241747131129,3658.0,411.417778538438,359.118365633236,0.075070126204873,0.647599546614162,0.0,0.054724346065719,0.083124686378323,5.51945473491282,0.919094978980708,0.58027746366418,5.02370393295411,0.682746614728655,0.999143963768369,Sec2,10,2,0.133682352169062,8.16,-1.08,5.88,-9.24,-2.28,0.12,32.46666666666668,9.116700000000002,166.0,224.0,5
76,Good,8304.0,6.36,344.0,397.0,0.221206552823983,8304.0,470.049921429282,219.362083832011,0.068662707003546,0.172211720313851,0.007122473665392,0.051710461169765,0.047239299750078,5.87356256555628,0.630017269722081,0.827871227264404,5.026685408604,0.54951428610181,0.635845365978423,Sec2,10,2,0.060785668465316,6.36,-0.12,2.52,-6.48,-3.84,0.12,25.675000000000008,15.64256666666667,343.0,365.0,6
77,Good,75.0,11.16,18.0,111.0,0.513677595260833,75.0,426.201138554003,211.34866445181,0.062564152601968,0.283186167965493,0.001013361887475,0.061382137784283,0.037665990248432,5.90976812484417,0.576697065224259,-0.000780046747086,4.20561432443894,0.813340323311942,0.591234055776445,Sec2,11,2,0.088284021649656,11.16,-2.16,10.08,-13.32,-1.08,0.12,36.71203333333334,16.670350000000003,-3.552713678800501e-15,102.0,7
78,Good,4076.0,10.56,213.0,301.0,0.692355364301275,4076.0,287.071686546973,430.045123647034,0.062275656669698,0.1742796675594,0.008791823857424,0.058658992562148,0.033804811546888,5.55740699339449,0.692355364301275,0.6351119845101,4.10466308212756,-0.055981378706675,0.242438180106027,Sec2,13,2,0.126336276726264,10.56,-1.68,3.6,-12.24,-6.960000000000001,0.12,20.289800000000003,15.840750000000003,199.0,243.0,8
79,Good,7178.0,8.88,322.0,396.0,0.49729359503108,7178.0,866.157089228945,188.878218065152,0.089407620537292,0.700958456119218,0.011290217186458,0.064362650997173,0.10878478414341,4.3179421488444,0.719859347072522,0.314828251520793,3.23174336186162,0.662220637003581,0.033138668726361,Sec2,13,2,0.075163433231435,8.88,-2.52,5.16,-11.4,-3.7200000000000006,0.12,15.520366666666671,13.724083333333336,301.0,365.0,9
80,Good,835.0,11.16,43.0,136.0,0.838749951351922,835.0,870.129623059003,342.18818656586,0.089436631344262,0.39448795932569,0.004361808632928,0.074614284100809,0.072804562154728,4.46401267356061,0.936181896721927,0.798121356964111,3.99961223106294,0.202504112606957,0.801930291312081,Sec2,14,2,0.100840299390169,11.16,0.0,2.76,-11.16,-8.4,0.12,24.09351666666668,33.34815000000001,43.0,66.0,10
81,Good,8609.0,6.24,322.0,374.0,0.464097826992107,8609.0,224.55701942182,165.940409124698,0.084418857023535,0.228403220051571,0.01720461829389,0.069564709868493,0.048040894720212,4.67828210794701,0.5957998961474,0.561391117887677,4.21073303382602,0.956742755950443,0.591024943760463,Sec2,14,2,0.105722329418635,6.24,0.6,4.44,-5.640000000000001,-1.7999999999999998,0.12,15.347233333333335,38.45276666666668,327.0,359.0,11
82,Good,13.0,12.12,12.0,113.0,0.299530126589517,13.0,648.71420600409,450.584603379516,0.076494063478342,0.693315367173495,0.010129139730094,0.055544953993737,0.094677575762045,4.63657573625153,0.50124093150346,0.105216085209566,3.03793908619933,-0.387232462565104,0.095420474097842,Sec2,2,2,0.038769607507615,12.12,-1.44,11.76,-13.56,-0.3599999999999994,0.12,22.293533333333336,35.887950000000004,0.0,110.0,12
83,Good,7723.0,6.48,344.0,398.0,0.369217565503883,7723.0,461.252027547683,334.075985922808,0.080657129907562,0.618921979371868,0.0,0.050679483887707,0.11308616813628,5.06957459883256,0.750620396060735,0.803551823009144,4.27295184665256,0.686541572449699,0.19247551569863,Sec2,2,2,0.084770711925676,6.48,-1.3199999999999998,3.48,-7.800000000000001,-3.0000000000000004,0.12,18.641683333333336,25.96018333333334,333.0,373.0,13
84,Good,248.0,8.76,16.0,89.0,0.155820472291174,248.0,441.251619707238,186.831535071574,0.067962046874334,0.291961657032712,0.00411611101448,0.055809647666492,0.050486083006056,4.95015809342668,0.715101926959755,0.779582165383003,3.10693121672393,0.403542109898159,0.422620500837054,Sec2,4,2,0.031407632875363,8.76,-1.92,3.48,-10.68,-5.279999999999999,0.12,21.122233333333337,38.044450000000005,0.0,45.0,14
85,Good,2745.0,10.2,190.0,275.0,0.908190280183192,2745.0,482.303487943572,439.120543140439,0.071001774146788,0.432398717256416,0.0049944798859,0.06087310022673,0.055712543967027,5.35767231431118,0.98974414854681,0.509596321194671,4.40390390943187,0.754508760240343,0.495120835682702,Sec2,4,2,0.150483444392216,10.2,-3.24,11.28,-13.44,1.08,0.12,28.62313333333334,51.04075000000001,163.0,284.0,15
86,Good,3526.0,3.84,225.0,257.0,0.44445800199107,3526.0,588.310868458715,136.90925930283,0.119879760108249,0.817293449526679,0.016420991537532,0.067475861965202,0.180137328079967,4.00482801957564,1.35597159611525,0.375598309256814,3.2402119813142,0.720535384284125,-0.056664799887037,Sec2,4,2,0.115860363331384,3.84,-3.24,2.76,-7.08,-1.08,0.12,15.150933333333336,20.862033333333336,198.0,248.0,16
87,Good,4760.0,8.4,163.0,233.0,0.502204827783019,4760.0,413.994028831131,459.903814219346,0.055759517105838,0.182370942055764,0.006638842445715,0.048173472549755,0.033586782934596,5.2904160190636,0.699596130430034,0.533376364640786,3.34187860742608,-0.142424462333558,0.102923620314825,Sec2,5,2,0.128666011741029,8.4,-2.04,9.6,-10.44,1.1999999999999993,0.12,11.363883333333336,34.80000000000001,146.0,243.0,17
88,Good,4431.0,2.28,262.0,281.0,0.268157989963909,4431.0,708.322333576776,414.836972160045,0.162354469652006,0.342736886024415,0.044637940377793,0.126222596157226,0.104128514517343,4.10740470886231,0.766539794466304,-0.036657600402832,3.80002310011122,0.386949206155444,0.479392187935965,Sec2,7,2,0.086930642866839,2.28,-0.36,4.56,-2.64,2.28,0.12,23.20928333333334,9.97131666666667,259.0,300.0,18
89,Good,6328.0,7.32,268.0,329.0,0.324222284351839,6328.0,536.385047469537,269.507626904773,0.096967142066076,0.4592320055252,0.005367364264507,0.069952197215007,0.084553669518734,4.42897193662582,1.04209945089421,0.436825350792177,3.71071456581034,-0.135768254597982,0.04903675260998,Sec18,12,1,0.054813613171997,7.32,5.04,13.8,-2.28,6.48,0.12,23.01851666666667,68.44075000000001,310.0,383.0,0
90,Good,1669.0,6.36,133.0,186.0,0.368573424025986,1669.0,668.695722393393,263.234787807477,0.062343698347862,0.197032119949676,0.005485274867233,0.051199631441275,0.043003474518202,4.63752082542137,0.753757915528374,0.890401020756474,3.55911315321432,-0.346948245215037,0.541563730391245,Sec18,1,1,0.111546406965742,6.36,7.199999999999999,8.76,0.839999999999999,2.3999999999999995,0.12,16.217600000000004,55.27500000000001,193.0,206.0,1
91,Good,1687.0,8.52,158.0,229.0,0.160269594381597,1687.0,438.762522018875,247.615951809102,0.064572579639909,0.167829218674895,0.003681497387192,0.063018098005836,0.030118714601281,5.49875121646457,0.320387030446448,0.324480044841766,3.97422448499703,0.131302485390315,0.537009193783715,Sec18,1,1,0.034957845006575,8.52,8.28,12.96,-0.2400000000000002,4.440000000000001,0.12,25.61020000000001,50.36111666666668,227.0,266.0,2
92,Good,4984.0,18.6,181.0,336.0,0.424020523977765,4984.0,213.37037985797,225.757116025103,0.076056761492187,0.291156959765235,0.002462860600942,0.061628174906852,0.054052501604584,5.97788612659161,1.14597685189061,0.268430226888412,5.39549761552077,0.054796884930323,0.928259440830776,Sec18,6,1,0.03596808791298,18.6,14.52,23.04,-4.080000000000002,4.439999999999998,0.12,26.23148333333334,50.59538333333335,302.0,373.0,3
93,Good,1734.0,8.64,186.0,258.0,0.673675213520732,1734.0,756.705090976809,55.7663524593464,0.053075937268553,0.307205329866836,0.004783911154391,0.044459526566225,0.044376641046541,5.22165768767056,0.673675213520732,0.343756680945827,3.88591528882356,0.784766091240777,0.456856122092595,Sec18,9,2,0.176287045868742,8.64,8.16,12.0,-0.4800000000000004,3.3599999999999994,0.12,26.479650000000007,46.637933333333336,254.0,286.0,0
94,Good,7838.0,10.08,310.0,394.0,1.18453548705213,7838.0,369.542700647017,261.710741607571,0.073441030748224,0.271077298828896,0.012712849973319,0.06404076754999,0.04668830647041,5.9369286032284,1.18453548705213,-0.094306720284855,4.28729548236124,-0.48959844074552,-0.244532267252604,Sec18,11,2,0.192012731812557,10.08,9.84,14.52,-0.2400000000000002,4.44,0.12,30.80276666666667,22.617600000000007,392.0,431.0,1
95,Good,1886.0,9.96,104.0,187.0,0.682793017422323,1886.0,472.842976587618,37.928556428438,0.088289939277093,0.197894592797761,0.015799153216197,0.077947254585061,0.049764373797185,4.33586238679432,1.02642067513659,0.57102594829741,3.56577918138454,-0.008999779110863,0.564382553100586,Sec18,12,2,0.093175077070063,9.96,13.32,15.48,3.3599999999999994,5.52,0.12,17.72778333333334,24.683350000000004,215.0,233.0,2
96,Good,5525.0,11.16,180.0,273.0,0.500104747230978,5525.0,225.700238051837,94.2519629312984,0.127714194437127,0.694200057794653,0.006726583526811,0.083289386967907,0.127337809157129,4.98205874828582,0.783137852744356,0.293245888770895,4.50497043330055,0.540857738918728,0.819199546935066,Sec18,13,2,0.042105503025981,11.16,10.08,13.92,-1.08,2.76,0.12,27.53146666666668,25.061100000000007,264.0,296.0,3
97,Good,282.0,10.08,53.0,137.0,0.710223426612755,282.0,858.401719348672,356.007797786473,0.06530665504753,0.256274212685495,0.004851936668172,0.059012252701639,0.039883543617292,5.49527991799747,0.755109498498311,0.478729956009809,4.27114913790834,-0.012701246473524,0.726496227203853,Sec18,4,2,0.129466756287787,10.08,9.6,14.28,-0.4800000000000004,4.199999999999999,0.12,33.24261666666668,47.94536666666668,133.0,172.0,4
98,Good,338.0,61.0,31.0,92.0,0.652,338.0,101.732,776.451,0.081,0.211,0.008,0.063,0.052,4.025,0.763,0.374,3.267,0.398,0.812,Sec17,0,1,0.133,7.32,6.9,12.995,-0.4199999999999999,5.674999999999999,0.115,21.871300000000005,48.62128333333335,91.0,144.0,0
99,Good,20922.0,79.0,298.0,377.0,0.894,20922.0,112.009,468.078,0.076,0.364,0.005,0.063,0.056,5.033,0.952,0.792,4.614,0.48,0.64,Sec17,9,1,0.15,9.48,7.935,13.11,-1.5450000000000008,3.629999999999999,0.115,23.80091666666668,38.22500000000001,367.0,412.0,1
100,Good,2408.0,110.0,66.0,176.0,0.234,2408.0,96.951,612.159,0.059,0.163,0.002,0.054,0.033,5.262,0.396,0.515,3.756,-0.254,0.815,Sec17,15,1,0.036,13.2,12.88,17.94,-0.3199999999999985,4.740000000000002,0.115,19.46945,38.77963333333334,178.0,222.0,2
101,Good,9133.0,100.0,196.0,296.0,0.343,9133.0,32.677,544.005,0.101,0.634,0.011,0.069,0.102,4.477,1.17,0.659,3.055,0.591,-0.267,Sec17,3,1,0.034,12.0,10.35,17.94,-1.6500000000000004,5.940000000000001,0.115,23.555550000000004,59.658316666666686,286.0,352.0,3
102,Good,7581.0,87.0,112.0,199.0,0.25,7581.0,467.065,573.411,0.082,0.247,0.008,0.073,0.054,4.779,0.811,0.463,3.488,-0.277,0.649,Sec17,4,1,0.035,10.44,-0.345,8.05,-10.785,-2.389999999999999,0.115,28.74815000000001,31.525900000000007,109.0,182.0,4
103,Good,18300.0,77.0,259.0,336.0,0.179,18300.0,100.624,530.844,0.092,0.542,0.01,0.078,0.08,4.746,0.549,0.206,3.352,0.717,0.959,Sec17,6,1,0.025,9.24,7.705,17.02,-1.535,7.779999999999999,0.115,19.42131666666667,48.70276666666668,326.0,407.0,5
104,Good,1378.0,36.0,126.0,162.0,0.202,1378.0,156.287,245.272,0.069,0.185,0.023,0.063,0.035,4.144,0.656,0.517,3.543,0.791,0.738,Sec17,0,2,0.081,4.32,6.325,9.66,2.005,5.34,0.115,20.05831666666667,14.826850000000004,181.0,210.0,0
105,Good,6017.0,51.0,331.0,382.0,0.849,6017.0,277.645,447.999,0.073,0.304,0.006,0.055,0.058,4.305,0.849,0.704,3.422,0.534,0.989,Sec17,14,2,0.229,6.12,7.475,12.535,1.3549999999999995,6.415,0.115,13.574083333333336,33.842583333333344,396.0,440.0,1
106,Good,3941.0,54.0,207.0,261.0,0.695,3941.0,264.733,167.257,0.084,0.2,0.023,0.077,0.043,4.502,0.815,-0.103,3.305,-0.299,0.778,Sec17,16,2,0.154,6.48,7.13,13.8,0.6499999999999995,7.32,0.115,18.948150000000005,33.82593333333334,269.0,327.0,2
107,Good,2075.0,83.0,196.0,279.0,0.277,2075.0,305.878,927.949,0.054,0.19,0.004,0.046,0.034,4.475,0.874,0.306,3.068,0.475,0.93,Sec17,17,2,0.061,9.96,9.43,14.95,-0.5300000000000011,4.989999999999998,0.115,16.456500000000005,35.96573333333334,278.0,326.0,3
108,Good,337.0,63.0,37.0,100.0,0.334,337.0,334.431,906.841,0.071,0.161,0.006,0.069,0.037,4.207,0.913,0.427,3.198,0.5,0.644,Sec17,4,2,0.074,7.56,7.935,10.12,0.375,2.56,0.115,16.722233333333335,32.94073333333334,106.0,124.99999999999999,4
109,Good,1837.0,51.0,174.0,225.0,0.649,1837.0,436.643,140.204,0.093,0.651,0.016,0.065,0.117,4.194,0.841,0.064,3.416,0.993,0.253,Sec17,6,2,0.137,6.12,6.9,11.5,0.7800000000000002,5.38,0.115,24.667600000000007,39.69260000000001,234.0,274.0,5
110,Good,4557.0,69.0,303.0,372.0,0.85,4557.0,380.463,448.185,0.075,0.744,0.0,0.054,0.113,5.694,1.053,0.464,4.353,0.295,-0.2,Sec17,8,2,0.165,8.28,10.005,13.8,1.7250000000000014,5.520000000000001,0.115,29.14351666666668,59.59353333333334,390.0,423.0,6
