,File_ID,Site_ID,Label,N_Locs,R_Raw,R_2nd,R_PCA,R_w,GFP_Distance,Nt_Locs_Gr,PCA_Ratio,PCA_Theta,PCA_Center_X,PCA_Center_Y,GFP_Center_X,GFP_Center_Y,Mass_Center_X,Mass_Center_Y,Fill_Factor,Ratio_Var,Nexos,Inner_Radius,z1,z2,varX,varY,Mean_Angle,R_Tau,Sigma_Tau,Tau_Center_X,Tau_Center_Y,Tau_Shift,R_LM,Sigma_LM,LM_Center_X,LM_Center_Y,LM_Shift,Inner_Radius_Tau,z1_Tau,z2_Tau,varX_Tau,varY_Tau,Mean_Angle_Tau,Fill_Factor_Tau,Ratio_Var_Tau,Set
0,0,1,Wild_Type_Exo84,35,75.7807285926288,71.87060375563502,75.89125905697078,50.09473912309097,12.023391058931848,38.0,0.6909745492963938,1.0646301245991776,61085.738353307956,88182.72922700949,61067.5,88176.25,61081.84987912328,88171.35198212898,0.25,0.5735956704339807,2.9782798306635185,17.836919666072166,0.2021795874872247,0.31970458345546227,0.6095107100408962,0.3496127043625995,-2.202462518223483,54.986643348950444,22.323439838335602,2.5107650196751523,14.380904421300443,14.598436661458068,51.181626208229765,21.822322745945094,4.5098954891195815,15.30790172987199,15.95841510596209,18.476192557028117,0.4218760850371707,0.18558004341362264,0.5461746390432696,0.2758459298304401,-1.9880587068557096,0.25,0.5050507843308828,WT
1,0,2,Wild_Type_Exo84,61,89.15257416551057,89.15257416551057,93.2044846649591,66.04191199585921,35.918511794662,70.0,0.7337191800589793,1.4785691000479577,62030.296561104435,66388.76483813248,62031.56,66392.81,62027.96891788951,66424.60785093285,0.25,0.4656109133415968,5.020528857404217,24.752407690810003,0.16291900227062217,0.3391581399544221,0.6641990652755577,0.30925833342358733,-1.1397777349239557,60.67796652039328,21.72776418230883,-4.861486418217046,-21.747490571803368,22.28424098696622,55.814836738740986,20.93002645563327,-4.745170305182458,-8.892688840607375,10.07951169655794,29.139957909246476,0.206109092283295,0.40835765170097804,0.6921769823907117,0.26534205968744456,1.0247011757653397,0.5625,0.38334424061744876,WT
2,0,3,Wild_Type_Exo84,96,87.8463764286422,86.04929046637092,86.6482789517389,60.389592251978556,34.00628662831704,100.0,0.7530713261159456,0.6679710414059561,65578.19549367379,81926.214128824,65581.25,81905.62,65588.98987753857,81958.46174590227,0.3125,1.1967296137349364,8.083902397515264,10.061586985613275,0.12612032631709044,0.31307261575628953,0.44798124317925925,0.5361124201104115,-0.829246912526918,63.83433194663023,21.391163168006347,-12.741904898974473,-38.86414711291549,40.89960967135074,60.572309434368805,21.03928348513747,-11.465339189388509,-40.71269711743083,42.29630845952621,31.340487550248433,0.5338120000528209,0.17059130247684906,0.29676690157361296,0.4182778470259942,0.8558130421754586,0.5,1.409449115814691,WT
3,0,4,Wild_Type_Exo84,86,78.32812109249105,68.79081382667839,66.02199220400298,46.05068517481935,14.423789856845126,103.0,0.6771089636375043,-1.4009615160200988,65741.1879691534,78164.16308887512,65770.31,78174.69,65745.88116476608,78177.80199017895,0.375,0.7786205111332012,7.318059012487502,8.05945316964153,0.15315273808764523,0.12053736161282233,0.5490458659976195,0.42749837281863756,2.1077145336581062,54.31215666765813,19.611843809563776,-9.009466970561151,-30.67638860813287,31.972039552252784,47.6617401102593,19.160141527649042,-12.051586221420923,-24.43887612599397,27.248842117675768,26.364353653779258,0.5798533599876106,0.17727456633507666,0.43004158281003857,0.23372849810103988,1.4825108596769734,0.5625,0.5435020878069001,WT
4,0,5,Wild_Type_Exo84,55,75.69879341394072,73.32046937495045,71.0630547437451,51.996948504482845,12.625893107207125,53.0,0.5850134609782415,-1.5496541972623543,72543.9423868736,62137.20001923929,72525.94,62139.69,72556.513235165,62136.02233082996,0.3125,0.6910776754434114,4.6801540196141,14.57552991811523,0.2677451232192315,0.20300370704817836,0.5489473147641839,0.37936523422813484,2.598687548275533,52.81462549317798,21.92351821588153,-9.720742402364145,-10.935747298545778,14.63158917653074,50.651148551400915,21.047038226485345,-4.9881497247706195,-15.918238995800326,16.68148585720551,17.86840782028644,0.34199759812793856,0.10289846086429438,0.5325908438393372,0.3504467990353838,1.8889636278603439,0.5625,0.6580037998946533,WT
5,0,6,Wild_Type_Exo84,44,98.260307059186,98.260307059186,98.17352676970081,56.05921033959913,2.5770764888201407,50.0,0.866015419872088,-0.7717001833043349,74004.36812577111,58939.14902238633,74008.75,58924.06,74004.81806010805,58941.68651767138,0.125,0.8627841953885425,3.74412321569128,13.942768352970395,0.0822728848831477,0.4490583034914497,0.5331971222817008,0.4600340501313035,0.5422545831137302,458.4161240366223,25.882726633303434,316.4251479478225,-327.2875255896036,455.2383976120279,8074.627140049261,25.666055062044535,5778.700277584768,-5642.416959032573,8076.5243785762605,2.5375696795005305,0.9898630716156206,0.9598759369899276,0.009897473710804426,0.010273625740884501,2.3438909054711887,0.1875,1.0380048526594674,WT
6,0,7,Wild_Type_Exo84,35,81.73056101400711,74.15855673282815,67.9385634928916,47.08687887813817,16.714710996044573,45.0,0.7092885841268175,-1.2830421187363457,73832.74776347462,56566.276530279974,73869.69,56540.62,73823.60677230162,56580.27023758206,0.25,0.904376257633916,2.9782798306635185,20.575615466284667,0.024584287002522336,0.22399536349846325,0.5247889479961655,0.47460666483641195,0.18544937301800848,48.793328626801106,20.36078576582345,20.907468714936222,-2.543283021613755,21.06158912793775,45.38285964788958,19.670233262282345,19.07963313043844,-10.393790840902255,21.727017476785623,13.557730457914385,0.3463467064282436,0.3513342294934844,0.5535396655703266,0.3265042933759816,2.8358761530865033,0.1875,0.5898480518818385,WT
7,0,8,Wild_Type_Exo84,99,67.9302914346053,67.9302914346053,68.2243305065607,48.86173479309021,5.425953432020852,98.0,0.6165027228787847,-0.6398454510782154,79345.06508478797,64436.2413309808,79292.5,64447.19,79341.96363072323,64440.69351621176,0.6875,1.0117054574768334,8.42427723530538,14.764621022102828,0.05948731846563007,0.12706877401716338,0.4953315880504559,0.5011296708913129,3.0859575608863032,49.12022366204038,20.73735825392098,6.965589626288619,-0.3671735670577767,6.975260229568898,45.02557429844217,20.04531640063268,7.049023321664711,-5.614213376556878,9.011554895071281,14.006268448193827,0.16970277825894456,0.1267804164811254,0.48281836041072124,0.4883826066404741,3.0717924676102086,0.625,1.011524512499938,WT
8,0,9,Wild_Type_Exo84,153,94.23458456023113,94.23458456023113,94.47099269802379,64.71040418549485,13.268299665618372,151.0,0.6308948269361764,1.0658404435284894,80594.98798744433,63597.172944993705,80621.41,63588.59,80607.11947779669,63602.546465054824,0.9375,0.7640156504250667,12.934243836024422,23.14136039604326,0.0921908808065116,0.1955203833479586,0.5620703202135436,0.429430521282576,1.7488430463897282,66.9815804418118,25.345467418570394,-8.985742318485052,-7.408540815661269,11.646031170812316,64.6236282345225,23.92826666039539,-19.195327112399994,-12.43184802135968,22.869443110365037,28.27817742695146,0.2106275136648606,0.15616043032256602,0.5430569435718171,0.4125791069155417,1.183965700122078,0.875,0.759734521028143,WT
9,0,10,Wild_Type_Exo84,162,71.20331966617552,67.51423177070508,68.72813070058436,45.93335494091854,12.99076778970659,163.0,0.6373378084730049,0.6738847203165589,49731.1016510196,80700.93598570484,49740.62,80713.12,49738.54779146956,80711.58093944666,0.9375,1.132880109555895,13.529899802157125,10.564621697998527,0.09740329925271322,0.20781199635672878,0.46440144143916723,0.5261111558555193,0.5894915797110634,50.74907041648478,19.857431672913982,-12.378136398818821,-17.082599311451673,21.09581617153915,47.29626643992459,19.414359509955514,-14.868354323999215,-15.801922565606247,21.697205282556602,17.554834414604155,0.45205213602410216,0.07028600529697737,0.3713635511735884,0.42428531514245826,0.7951602540198287,0.8125,1.1425066186534079,WT
10,0,11,Wild_Type_Exo84,89,94.14981141259953,92.47275653485003,93.00839117561837,57.64126156672983,24.58696975677014,86.0,0.640276809726359,-0.5255166873496975,63285.302147909424,62235.411898499224,63280.0,62229.06,63305.39484786806,62221.24141896632,0.5,1.5338563301920587,7.48824643138256,16.15475626323684,0.08003554580834986,0.2666746247981125,0.3921273276499651,0.6014669837571944,1.1329592129511952,71.3457604910791,20.586555101482187,-38.570703374957255,12.072299190133702,40.41583311741874,68.12188405790484,20.279880271977724,-37.45821725374364,14.882683199066646,40.30647961596793,35.02344618637509,0.4597040746991549,0.07811979213508646,0.3243497452744858,0.4643224184305081,-0.16409112488652308,0.625,1.43154858357471,WT
11,0,12,Wild_Type_Exo84,43,69.02615330832947,65.04901996812511,63.91854900929315,49.877743269715324,9.602092699223848,47.0,0.5892219109629232,-0.7625082279754634,63620.02276294731,62786.81697747757,63651.88,62808.75,63618.31952394775,62777.36715413981,0.375,1.1308582664535485,3.573935796796222,17.700828254788043,0.2413785243887783,0.13279949891265133,0.441951688101366,0.49978471986253004,1.2710657756663624,44.901159774090516,18.88719621179087,-7.468416021016245,3.6413351060305805,8.308824177787303,42.07216748012428,18.23598852025245,-8.428105207203105,-0.8621656625530555,8.472088704290675,13.401902160542141,0.28096517920878583,0.2289616063143047,0.414114331476823,0.5069442365953519,0.6796335356551562,0.25,1.2241649179043792,WT
12,0,13,Wild_Type_Exo84,47,73.11542595689463,73.11542595689463,71.26536227905558,45.55967132443697,13.85518052676568,40.0,0.6228772069216649,-1.1288056770375499,69767.5569904371,86300.42118673134,69745.94,86301.88,69757.54406622413,86309.99758355555,0.3125,0.6554547822470408,3.999404344033867,15.58776697437262,0.23909686046777026,0.23554798031148116,0.5695309237227829,0.37330176759167266,-0.7569324614811147,52.889777920851046,24.016698469386334,-5.1346487473390106,-4.742440303498906,6.989660777949161,46.311388965183454,22.681851125149286,2.890456058370805,-1.7854265480826264,3.3974231682218705,16.574413266927557,0.24894656264032977,0.21025712568125032,0.5449721505928308,0.39305345835673366,-0.36959194767704234,0.125,0.7212358611888018,WT
13,0,14,Wild_Type_Exo84,59,75.98768965444204,71.99820293461094,70.40651766628366,51.8529407063156,14.650034308427147,56.0,0.6880091037306731,1.5628213918652663,74525.4808036394,63664.51366522634,74518.75,63682.81,74536.40637973708,63654.753783455955,0.625,0.486278690222683,5.020528857404217,22.78648523088995,0.19111000043387416,0.34506588920351916,0.6482478515451303,0.3152291161890342,2.409468182465489,50.059652898972544,17.972735648431556,-9.933402605556115,3.2436849335705693,10.449592301728414,47.79357770941381,17.403746107041286,-7.199456062724775,-3.7221646748884867,8.104731794827774,20.521870283328756,0.06473476304775597,0.4055519627490989,0.6952867986954172,0.30052261175773376,2.2791885085308907,0.5625,0.4322282723066385,WT
14,0,15,Wild_Type_Exo84,82,70.4357488096256,64.81769641040226,65.85862762957996,47.692591500214924,9.735890735130429,92.0,0.5616936440940283,-0.3102101847128299,55533.80924926936,79653.17515707127,55540.94,79653.75,55543.28362620987,79655.41652941774,0.75,0.9152417779517417,6.807496755802327,15.976860717238083,0.14186340394183772,0.08501082769912076,0.5116193610135028,0.4682554136085323,-1.515768836579972,45.54703919473517,16.91288980080374,5.7684649473099565,6.511055702957614,8.69879498639671,43.113529988217145,16.43008856417626,3.3634576999212284,9.55665772936574,10.131266192110706,19.737537070795206,0.2741437971018281,0.09213135804848235,0.4623701454810443,0.46247503302954734,-1.8644337330204428,0.8125,1.0002268475798624,WT
15,0,16,Wild_Type_Exo84,198,89.35039755889414,87.60814986855324,86.04288988012621,59.424632181166615,7.909660914889578,242.0,0.5583270958798034,1.2121580324189287,55966.41679316073,62603.48667884432,55950.62,62583.44,55972.876289669024,62598.92185238016,0.6875,0.640516279372084,16.76346076116323,20.004241980580183,0.17348508483800207,0.22105541405946194,0.5912181046505595,0.37868482068819176,2.4631510382069366,63.08491761022898,25.886228133362465,3.1110563319305715,-6.807236797779508,7.484460189050959,56.43287493922785,24.833124083077028,3.879998123678288,5.0391213129525605,6.359805739674741,21.127119676522533,0.2703411611842108,0.2152411774690402,0.5738014241475191,0.3531142324220534,2.226744244668181,0.75,0.6153944859001796,WT
16,0,17,Wild_Type_Exo84,159,82.34410572234661,75.73647829014966,74.63126416283063,48.09007300549159,16.40392907865981,175.0,0.6794904550904614,-0.6679022973573575,56235.62432764931,63288.859741714965,56213.12,63261.56,56228.808326542305,63303.78056669641,0.8125,0.8918228016524821,13.274618673814537,11.42439805724579,0.22592565777719908,0.1419305237893826,0.5016101911495294,0.4473474060084104,2.221151607927254,59.6847299246684,16.464833101060268,7.4961482556765135,-33.54979096738918,34.37703757781625,55.881392348988854,16.267880480145802,5.2511099702798925,-31.730157152088182,32.16173236652817,29.767371509776872,0.6068069508710234,0.26028671599299563,0.30767136073349727,0.32411396364111394,2.0037530194245687,0.625,1.053442097660364,WT
17,0,18,Wild_Type_Exo84,123,67.65211770681024,67.65211770681024,67.76593342954553,40.20326533670514,1.6432343179233873,124.0,0.6759443337915046,-0.819477904263729,57765.537516740296,63395.82954424538,57788.12,63381.88,57766.05499265714,63394.26991682222,0.75,0.8780370152198886,10.29633884315102,13.417188686214619,0.13428695886838712,0.2693586525042383,0.5228688277812816,0.4590981848965985,0.5963807756994512,48.37264526955845,20.314813935251095,1.3057549748744721,-11.340301220463273,11.415227891954247,45.797202244046396,19.68472917551783,1.9401781622106116,-16.47861938622269,16.592443707215438,16.66248095402403,0.30056572661554976,0.30140180050716353,0.4858778577726305,0.4237823862114361,1.4009111206162572,0.6875,0.8721994209700078,WT
18,0,19,Wild_Type_Exo84,47,70.39048895440672,57.65925234948897,55.44197388796871,40.13093793675235,1.8636569300335328,48.0,0.626866133080624,-1.0995524736651756,68670.27799191934,88059.2901832394,68664.38,88024.38,68668.60614384233,88058.46668997272,0.625,0.7503398492715891,3.999404344033867,16.28149095803721,0.24173871038376696,0.20060517129139938,0.537931188788182,0.4036312071138113,-0.8385456219050373,39.16118518725414,15.008360931582224,-0.4498362934429947,-6.701227445106643,6.716308655947033,37.288114075605506,14.266985029776846,-1.3111326757271844,0.42142095725366807,1.3771944367343791,18.54264143647912,0.1726737302059927,0.26136204994648404,0.568621810645793,0.401561972250955,-0.2565816009128567,0.4375,0.7062021975465461,WT
19,0,20,Wild_Type_Exo84,68,72.19394051903123,60.16755347271944,56.98078464101457,43.787290338433905,9.707456055047855,107.0,0.554120657493408,-0.6911866687219578,49279.87078767625,61994.73441283739,49267.19,61972.5,49285.64498773038,62002.53782983224,0.5,1.2827927278385423,5.786372242431978,9.27074682742947,0.3915819843274691,0.23307101944373368,0.37088936688168944,0.4757741826684723,-2.4628970238703642,50.69328902241054,17.924155793416467,17.02468781125689,11.526416543462961,20.5596272681237,49.854506425654144,17.3178374630688,23.543273661490854,7.015695401634215,24.566353344938282,23.55970360781239,0.6468346444762179,0.4233939766948391,0.2587662727061679,0.32283866999915684,-2.543763656146197,0.5,1.2476072195302819,WT
20,0,21,Wild_Type_Exo84,68,80.4505568903907,78.17988657995322,76.51577849694615,56.42733986469575,3.033392015282129,71.0,0.6445751979001012,0.21407940534721556,49662.560457039646,65139.910416000894,49694.53,65145.47,49665.568160911316,65140.30435068929,0.3125,1.1449036346267378,5.786372242431978,9.729928414787523,0.18916934616986902,0.03681532134847081,0.4495376588969507,0.5146772995727136,0.2832673287576712,61.914603765713665,26.740674658144982,-24.881494913577605,-7.765933526940119,26.065274076426682,56.79154830492093,25.969122965256766,-23.523514578054662,-13.76836563617849,27.25662544034846,22.049057543930733,0.5297046427495787,0.20638885496077883,0.34312771304243167,0.37628527840710946,0.33603715513346344,0.4375,1.0966333062132392,WT
21,0,22,Wild_Type_Exo84,81,84.50054629307678,78.57198393309906,69.36060146994504,44.38167433729998,17.1567100554606,112.0,0.5946011490499787,-0.348016092864173,45085.88674392363,79460.54796343508,45082.5,79445.62,45094.819711035125,79475.19565262184,0.375,1.541491713143161,6.892590465249857,13.180780729550667,0.3199016967938264,0.30977700856124557,0.35320316007572433,0.5444597443127064,-1.5461677643511293,51.36639138661974,24.476746056148908,11.159955046262814,-6.759652090165773,13.047509073179038,45.17280374244891,23.15855255251921,-10.903922933818476,-7.867354503574617,13.445847025441289,12.961054225493287,0.31917699544184996,0.283885953149283,0.3333289511219941,0.5647970944587192,-2.4695283591162154,0.375,1.694413559211095,WT
22,0,23,Wild_Type_Exo84,84,76.2056892090146,74.33644374951724,90.1428751005544,60.02080273566332,40.3170218508045,88.0,0.757367022999135,0.5791307885993486,46024.90235290219,80944.4026577389,46045.0,80976.88,46058.78934428256,80966.24605642374,0.3125,1.265762916939264,7.147871593592444,10.480023698149488,0.09158616878970459,0.2739588727075634,0.43765036768540455,0.5539616060010191,0.30462762387711,79.7529676470983,19.844626114908337,-54.60758700065793,-29.8870800850386,62.25131415515608,83.00710617104811,19.613344410135714,-61.24120593274988,-32.407661470975555,69.2873857647612,39.101312772802004,0.8005823708424092,0.42036293501877353,0.1372073263434681,0.22186054115287884,0.49679216382633706,0.5,1.6169729931002386,WT
23,0,24,Wild_Type_Exo84,95,60.642012458419714,59.37509602151482,58.42035739762342,38.46976000287157,11.167462181920298,90.0,0.6788912865208393,0.43089908167998947,49224.47874901498,62185.41165629847,49221.56,62147.5,49214.29347121916,62180.832100882646,0.8125,1.2722051145641138,7.913714978620205,16.53719249447394,0.10070783143799747,0.18117256501516857,0.43563757793800423,0.5542203547490517,0.3719968203077626,41.274592998576935,18.19800662763286,13.46646106930656,-3.3806109186032125,13.884311431040734,36.12883694145783,17.198132543800373,5.808248888033481,3.1770999815988783,6.620401758082191,17.703139313365085,0.25079131961707507,0.15354387804995864,0.4066025408949693,0.5305011731097568,2.701339746741351,0.75,1.304716817416033,WT
24,0,25,Wild_Type_Exo84,110,78.4621006187205,77.26052711652686,77.04670474545621,53.46905482452801,11.707648222402144,119.0,0.6589183621233519,0.5173219953816529,51783.317617538094,70594.0206044664,51793.75,70570.31,51787.22518628964,70605.05690517594,0.75,1.1362946064094543,9.27521432978067,16.143989996290586,0.010706463636044114,0.2379907422112784,0.46804657402424127,0.5318387976121688,0.3450587365717623,55.398550689818315,19.558847162243204,-4.670419897737396,-18.578626372151184,19.156674552154737,52.24388224173751,19.243220657179794,-5.484655001202824,-19.43295998073505,20.19211167993752,22.675145915807118,0.2550726139918698,0.2525953290662022,0.4045592315604947,0.53037873003086,1.097293699044896,0.8125,1.3110038991943043,WT
25,0,26,Wild_Type_Exo84,57,75.76510513629428,67.48065065233962,73.99275994515126,48.17671190201493,22.34453276302549,70.0,0.6447964449351674,0.47582017109152186,66760.58619877876,72701.46721147877,66718.44,72697.19,66739.88157870922,72693.06501818335,0.3125,1.1052760071072771,4.595060310166571,8.370382181816197,0.10162829353197042,0.109115874036503,0.47009118358481805,0.5195805063689617,-3.0312209865313027,49.97431272555065,21.9772907902372,23.90062219166676,-2.6984290093393937,24.05246890169984,43.78083663761426,20.961496197118773,17.882617237477636,-11.039008000968407,21.015415696758815,15.84783666448918,0.5077851173629533,0.29488780239335605,0.36682471816902795,0.375329556415664,2.981148556664712,0.375,1.023185019507647,WT
26,0,27,Wild_Type_Exo84,46,83.84947944500124,80.5669108112075,77.74445247327687,42.52188431417742,9.208415366664163,56.0,0.6152454408976273,-0.08301488682544994,66894.973843546,71813.88489489624,66882.5,71800.31,66886.59441600234,71817.7032856051,0.25,1.396714886000628,3.74412321569128,10.003002802912603,0.08209323045604441,0.18425219639230142,0.4144258907536282,0.5788348107596625,-1.1248042026730731,57.516247841183905,25.20158194432146,-16.766377258062807,20.90771086419708,26.800070521186143,47.24072653322498,23.980735155414862,-7.143329383884524,12.376555002278618,14.290075871425453,15.874208369990152,0.4705374131318814,0.2554386961938676,0.2961493273667422,0.48244521547641495,-0.8870719394389222,0.25,1.6290606491196573,WT
27,0,28,Wild_Type_Exo84,69,68.59028506099905,62.26641329398054,56.089582588312155,37.113433737986014,7.743044473957329,74.0,0.5674908309097364,0.4788192059535621,72288.04994624674,56349.90157644403,72299.69,56371.56,72282.05802820547,56354.805825205294,0.625,1.261319680836083,5.871465951879507,11.259080674146585,0.19166829517934383,0.19778026212787492,0.42597394467769123,0.5372893199453528,-1.4135125468735987,40.06367090889445,19.088714944187544,0.937666283536861,-2.76461928698414,2.9193043454300076,37.3901594488535,18.279172207266367,8.501533070407195,3.3818727878665418,9.149487860013773,9.755611359526725,0.13580657342715818,0.171542964397222,0.43196218134474573,0.5495943932692282,-1.4326036130799722,0.625,1.2723206266768088,WT
28,0,29,Wild_Type_Exo84,144,94.03135243553523,94.03135243553523,93.45488134738615,67.1478737632286,8.97071131161974,146.0,0.6872481727843953,-0.5250741566067693,75435.07001273187,78063.20039546529,75425.31,78058.12,75428.96237611985,78056.62997413543,0.6875,1.6430299073372843,12.25349416044419,23.789303325228687,0.21452230063747407,0.3462080021191831,0.3609418795757369,0.5930383029534683,1.6121010396949276,71.53530213370944,26.080837314266752,11.826737049259684,-14.23658634645828,18.5081630647802,66.31354642438119,25.592396232104807,13.136402387136913,-12.146106974760434,17.89114256606046,33.66320911921065,0.38856342888795103,0.2761870666387167,0.3433356252952421,0.5056828364355962,2.0432880841319507,0.5625,1.472852798193453,WT
29,0,30,Wild_Type_Exo84,87,89.58166738671018,89.58166738671018,92.86725808387116,68.32880639052107,22.31831093864299,92.0,0.7625250902898776,0.85277441736743,78890.5976041405,57897.25996773896,78876.56,57887.81,78880.03132036717,57877.60136528671,0.5,0.9559376180048816,7.40315272193503,14.576568477566392,0.08478781655531294,0.4306160639953872,0.5075882875939988,0.485222738569784,-0.6710623326507119,66.03125261264327,23.96256493330945,-1.06138032282965,23.09477559175127,23.11915197023974,63.35015769425785,23.441031718890677,3.67521646429913,27.566353303945895,27.810268796569083,26.952247986431413,0.2947836530961498,0.43338066747318954,0.4434276898212263,0.4696749080460625,-1.626555551410886,0.625,1.0591916536277157,WT
30,0,31,Wild_Type_Exo84,73,66.75575332509167,65.11307418246332,66.87540128732006,40.65884147152167,14.218967695266388,76.0,0.6828431880408384,-0.0624955184282004,49113.45819539829,60734.188114032426,49120.31,60749.69,49127.67656788145,60734.318214951985,0.5,2.1644593158215106,6.2118407896696235,12.641528638250287,0.06992988431625827,0.3707614233892377,0.3144644035409819,0.680645407738533,1.8241486376240343,48.45366451770982,19.943398259103823,-14.002864625890716,-9.27936107979756,16.798415394919942,43.78728655280264,19.27543756882186,-13.734704865768368,-5.1096734516991305,14.654380933112124,16.893640959686444,0.2783779883092576,0.2997494901357597,0.3110393613063844,0.6114663343185065,0.5370048213347817,0.5625,1.9658808832114059,WT
31,0,32,Wild_Type_Exo84,58,79.77905094705673,79.77905094705673,92.87668289890341,64.77095479382838,32.842872282521924,56.0,0.7554269215857005,-0.4733988195198648,64356.07834046468,83169.93210507208,64325.0,83188.12,64327.205639070984,83185.58526366696,0.3125,1.1519918138072123,4.765247729061628,13.3270888614517,0.1874886034268838,0.38018226587580645,0.4483511588634107,0.516496864721626,-2.311752682638746,59.562191092856416,24.013382491407967,24.259035539138424,-4.148277906182622,24.611156309204652,55.28874669217489,23.36776003276569,24.70561655547067,-9.752262285925767,26.560762584674343,21.29682662206446,0.46566411658999585,0.36748359301169875,0.3603393508301727,0.4228175796902861,3.087936207943836,0.375,1.1733871938109788,WT
32,0,33,Wild_Type_Exo84,60,71.25427673850419,65.9642154381486,65.34132128094404,49.26225179702753,7.577164632607151,62.0,0.5625384146535884,0.882527925874923,70807.79897983334,87408.69476034577,70785.94,87415.31,70801.82474405452,87404.03408113253,0.375,1.0635976098489586,5.020528857404217,11.226986986293133,0.10187316609339403,0.06194012936254641,0.4795614480783109,0.5100604099517969,0.9645622118862425,46.19532942649284,19.54339500489922,12.93027869050221,-1.591092164922265,13.027804162303505,43.22371838325915,18.975556271740157,14.940990263800034,-6.423130644385345,16.263142295934372,16.607294199467074,0.2040128379240339,0.03054466599433032,0.47338277496301606,0.48499598699916585,2.529954798806746,0.625,1.024532392495813,WT
33,0,34,Wild_Type_Exo84,86,85.48914909304384,81.67341582506934,78.59066404771136,57.01479750087784,9.683728204141998,96.0,0.7370187435225007,1.3586627424743398,47609.40496115371,80541.4893853056,47577.19,80502.5,47619.0864680274,80541.28198090261,0.625,0.45247228727464667,7.318059012487502,29.71464528512424,0.14267503810874568,0.4251595994544271,0.6744664542542339,0.30517737924643407,-2.681822072684529,56.03353747947857,20.800089699313368,-10.002999647476795,-5.476430035059754,11.404003151364238,54.019493728097274,20.177948931108922,-10.942122383038434,-17.359185712469973,20.520023656063664,26.00223626425734,0.06132442258896756,0.3985369883958473,0.6800375290577859,0.3162017861363438,1.7689707097793448,0.625,0.46497696468965716,WT
34,0,35,Wild_Type_Exo84,70,68.28220649715603,57.56814790462164,52.352639043773806,37.61728108782606,4.460949090965665,86.0,0.5680205191990232,1.2849136683033053,52600.75267659763,81535.46339324744,52621.88,81513.75,52596.67519874053,81533.65390682388,0.6875,0.6726270485208131,5.956559661327037,10.620396029707752,0.15349702772479024,0.21469153366284124,0.5837754826117203,0.3926631798679347,0.008795898699784695,38.90078012849752,17.672943675665422,-5.581659084656527,5.865156752706356,8.096603106929827,35.49601101567291,17.149652933473543,-4.100015867990712,9.864552207782385,10.682673840281746,10.406634222396068,0.3096999643960059,0.22716426022302544,0.5446144929722575,0.35947143908085505,-0.6501218835794212,0.6875,0.6600475083191853,WT
35,0,36,Wild_Type_Exo84,117,67.29033014069681,61.26733378121824,56.31134916356908,36.733446493350435,14.26734928798063,116.0,0.5464590938562335,-0.113628940253624,46837.448876509145,64124.83406201758,46861.25,64105.62,46851.6152985312,64123.140030495364,0.75,1.2510765302492821,9.870870295913374,11.706409056221787,0.38497655793501806,0.052681252038527734,0.3783936433943359,0.47339940644616996,-3.099164517273861,41.87727177012285,18.765037390357815,-6.324494973809211,10.444158219763956,12.20981890091745,35.89484166234828,17.985670045628204,-13.905034325517349,7.546323564910333,15.820776812158647,13.855255501147584,0.32344436102910196,0.11794878874848283,0.3826363617953446,0.5127473835231314,-2.4874511380692472,0.6875,1.3400383097866102,WT
36,0,37,Wild_Type_Exo84,89,85.65790156754761,75.86573916831153,70.55462460302635,47.009778783385194,9.428135021935606,92.0,0.5792890611679576,0.7875709897150819,48618.111754808946,76925.72688547258,48597.5,76912.5,48624.74402135042,76932.4278384283,0.625,0.9974336123522624,7.48824643138256,11.835865052530721,0.0965055637945037,0.10446633188662881,0.49597977626401835,0.4947068998926867,-2.184713213459316,49.55515373705814,23.134731358334204,4.347298872883979,-1.265580096676659,4.527769922520624,44.304968280836576,22.443640409919492,3.6564315595566135,1.3739018709115467,3.9060335508820017,13.659332751651643,0.15013848102440666,0.08298339093048819,0.47351828956244746,0.5039401469532364,-2.6540780452457544,0.6875,1.0642464252413568,WT
37,0,38,Wild_Type_Exo84,146,85.04185121417875,81.15564262868013,83.22407712071902,64.61132969893065,21.656244742908147,180.0,0.7199598807097598,-1.4453003412593022,57107.99001218844,70115.73313215945,57099.69,70109.38,57109.77420301068,70137.3157547868,0.75,0.5531697733383443,12.423681579339247,16.59753311889945,0.11176911348778065,0.2854646997002697,0.6358014958967629,0.3517061693733926,-2.4106491983682248,61.38086202376368,25.888424440000428,3.7794404165392765,-26.203251505992654,26.474413295642208,52.74553499270528,24.993866876215648,-0.3308216729997887,-16.995765842630508,16.99898525079813,20.969813684012937,0.38628692581279345,0.19244774465975573,0.5800207339455413,0.2707616770005601,1.866987871537621,0.5625,0.4668137898428682,WT
38,0,39,Wild_Type_Exo84,46,72.41063665153989,72.41063665153989,70.77333698410527,39.23415692614092,13.103533137424703,43.0,0.6068756966054711,0.2908112010670438,78156.3282478153,76891.18979082539,78160.62,76898.44,78168.3515532721,76885.97992455303,0.4375,0.8997737243348872,3.74412321569128,10.492746143537062,0.15405780123500437,0.09503152122419874,0.513885512455136,0.4623806814234998,2.3087669980287213,49.30387009098037,22.55758576443429,-14.189157048427033,-7.222142382627166,15.921416970228064,41.51860715454329,21.500695908700795,-10.128275045387854,8.42190161193374,13.17233396768084,13.10436166870703,0.3344833897357879,0.05322123432900085,0.49145922698035177,0.3966616350105054,1.084495591974061,0.4375,0.8071099558913433,WT
39,0,40,Wild_Type_Exo84,128,73.51896353186216,69.88625908035662,71.65946414641988,50.10880460211928,7.845257792629366,127.0,0.662590827827049,1.2413503505306553,48267.38944466466,59495.27991387821,48276.56,59463.12,48265.517394483206,59487.66128552719,0.75,0.7868555543842312,10.891994809283723,16.241647208177813,0.12951868593209523,0.18414155752717193,0.5502542763358691,0.4329706336585542,-1.1106148415016825,51.652968947898614,20.30602475914941,-12.824417314590647,5.040905467251795,13.77956484757561,47.90366274883452,19.731262665101738,-15.962713997519174,0.3620830081414056,15.966820042556355,21.73789153220694,0.2916838563138368,0.28156644100175776,0.5188502896659031,0.39607023829998605,-0.6034935257332059,0.75,0.7633613128654563,WT
40,0,41,Wild_Type_Exo84,99,63.62420389860274,60.71023444104762,59.60118650790428,44.97647715626837,13.402042909575947,102.0,0.5758694295094826,1.1571563884424991,48866.61608635697,68073.7284576811,48903.12,68064.38,48866.31134442272,68087.12703546025,0.9375,0.8354515634820207,8.33918352585785,12.230564363903966,0.23202914063614177,0.052640737264119865,0.5154930245615941,0.4306694533340594,-1.625778385371984,42.61727422414763,18.48094465393868,7.980989921183579,-2.3376690979841523,8.316303080919063,39.63512691764391,17.949476984583196,10.245528019648148,0.5837681143835994,10.262145468310527,14.713357169257035,0.24436816719551757,0.1015616869513936,0.5163864359186267,0.423897762942877,-2.359813755761579,0.875,0.8208925205186369,WT
41,0,42,Wild_Type_Exo84,129,90.03047189724968,90.03047189724968,91.48016400791684,60.902826762515154,10.758450809930494,124.0,0.6642910176947449,-0.40856611899254697,50067.35801111607,80139.71270777319,50055.62,80132.81,50060.128983808885,80147.68048211874,0.5625,1.5809159901047025,10.891994809283723,15.179810857712823,0.1054391956329489,0.2693836488137633,0.3831517878984351,0.6057307881258416,-2.6294761159184836,63.50619892500729,29.31395532288278,-0.8263263863452637,-3.565649779077485,3.6601466697122587,61.84976240146373,27.855109182170214,20.229858616397017,-5.241615106679659,20.897887657990342,14.706855978551584,0.08723460242578379,0.28681721971662594,0.3741777830380303,0.6182123411015852,-3.0894867915713893,0.6875,1.652188796678909,WT
42,0,43,Wild_Type_Exo84,148,73.39190765484503,70.72554181339174,67.25871397509519,45.82176506622257,7.240106759999849,162.0,0.7073521037624538,0.9006801609303126,57973.29853824011,90730.48459196015,57990.62,90725.62,57980.4723382061,90729.5069724308,0.875,0.8789480791988241,12.508775288786778,15.620669240648224,0.09324974034269017,0.2906881578844483,0.5275848209433808,0.4637196649826401,-2.626596063290045,48.196319082437284,20.37675912499411,-12.2712550439498,5.837668687340786,13.589042499632654,43.809807910780066,19.888043422829785,-10.341461394382701,6.4622463165474535,12.194525461338745,16.12598150788806,0.16766875151267033,0.302373748010714,0.5316441655833171,0.44024302418286526,-0.918996462483172,0.875,0.8280783514285971,WT
43,0,44,Wild_Type_Exo84,46,66.59687238104418,56.89893983794875,57.14060059583881,38.328150796598976,19.923508141296267,49.0,0.6957724326852265,0.23916468648861622,58217.73708344041,89532.1323227782,58198.44,89544.38,58199.11581659637,89525.04750818785,0.4375,1.2378609059615233,3.829216925138809,11.219099183531918,0.10950777735093797,0.09332325328776292,0.44149662924432204,0.5465114174553353,-0.1111760644234655,36.50360464905075,15.913325420722622,6.0281867856921245,3.808516582036728,7.130486272256744,33.960102934022764,15.356210752297002,6.469473861970859,9.594153227548588,11.571597478499031,10.674875962673408,0.08730862503612163,0.13211281917916837,0.43662854288575825,0.5557486611085436,-1.9106452269055452,0.5,1.2728179826162958,WT
44,0,45,Wild_Type_Exo84,82,85.00968879085615,85.00968879085615,89.55022522265615,64.37455110169878,21.22723996793939,87.0,0.6617734045529041,-0.3763431043957838,72855.24267858971,57709.08989754733,72845.0,57726.88,72837.35334077952,57720.516502877406,0.5625,1.189889468040755,6.892590465249857,13.296138421765702,0.10261547044115682,0.12072048863670035,0.4518356198641371,0.5376344453620029,2.8773772780183795,65.81174111541597,25.985991495140375,20.839558123272013,-20.038187721093024,28.910485120782663,57.288980859897755,24.853330853500974,8.67028061416609,-19.78795767108902,21.604097637281573,26.297617155322115,0.4502696984985121,0.11960432889756063,0.31913053541415654,0.47812666319990244,2.488120446140278,0.5625,1.498216592089523,WT
45,0,46,Wild_Type_Exo84,91,79.18383728677219,75.8469646225461,79.46166006888905,55.054024348219784,19.48788420493447,100.0,0.6878833139268451,-0.30581185145935497,53221.071302058095,70884.9690393123,53226.56,70894.69,53240.52111952633,70883.75157011878,0.625,1.4467971814515226,7.48824643138256,11.809629982001159,0.06894472762568198,0.18505102155037717,0.40675485163923836,0.5884917728933823,0.11360178409198322,58.624494580064436,20.981085000248022,-28.46939801860587,-9.374452158204749,29.973104223758163,56.74464992937199,20.58878596888645,-31.813731605132055,-10.054753438451067,33.364825570522946,29.666706394374017,0.5332366598754081,0.17064602560669104,0.2501912796551898,0.46546738490972844,0.20028215735464033,0.625,1.8604460777019458,WT
46,0,47,Wild_Type_Exo84,125,63.605940333855045,57.777060610034255,57.95876723539902,34.20525425903904,8.177348301503658,129.0,0.6829111943053235,-0.08182747662152756,50660.184987022876,71730.65477993227,50648.12,71709.06,50668.14744968698,71728.79246589675,0.875,1.7839526296466894,10.551619971493606,11.785683780924543,0.036335096145216336,0.31750663922267314,0.35872728226516565,0.6399524785229525,0.17893399698232018,40.65342699714826,18.19448050696496,-5.683397391256342,-2.675677360379911,6.281739826177857,37.66183857705644,17.31086237825151,-9.838234939416784,3.2021717179424014,10.346244267092835,13.751331266234788,0.17334733143081035,0.30574064891337854,0.3392658692600391,0.6306848334257777,0.20023962679155013,0.8125,1.8589692939090583,WT
47,0,48,Wild_Type_Exo84,111,95.30354816447476,93.78636878256266,129.57934018891694,85.7231142131609,63.04113385072976,120.0,0.7945712464055773,-1.3811957252713722,64940.61311564621,55191.889370058845,64946.88,55168.44,64943.9310956106,55128.93561269567,0.375,0.46117723786409004,9.44540174867573,13.710586501115671,0.10021154419750171,0.3912114712613706,0.6775068901679893,0.3124507562415627,-0.6509733219901203,94.10345275534151,25.413515949450847,-3.1951337545479586,65.21661153137687,65.29483363439998,100.04533700748469,24.90521376930654,-0.6223237281771873,77.92961426301383,77.932099073519,48.1705601294071,0.7442767911964245,0.2837833232146714,0.3528133655754246,0.093238692510929,-1.4046556983006375,0.4375,0.26427199649554206,WT
48,0,49,Wild_Type_Exo84,111,69.85530029034099,64.64326337600367,63.84475720519223,41.68350406317074,8.020797026027113,125.0,0.6376125855400583,-0.1330762873215404,76341.4905729144,84338.52789085491,76307.19,84354.69,76338.64524663721,84331.02873734874,0.875,1.334133769281444,9.27521432978067,14.525158989900895,0.1715230983194549,0.1625573377611888,0.41582013829553766,0.5547596884473569,1.914388679035987,45.72575262129744,17.995949956153975,8.11947085947017,0.2659982602565947,8.123826814515729,42.21123046989399,17.63037501978852,7.513705751952378,-0.6550288419863154,7.542203717134416,16.71618293292646,0.259311559928248,0.10493972412889999,0.40462627903980997,0.5281312358477687,2.4964872728322365,0.8125,1.30523216905496,WT
49,0,50,Wild_Type_Exo84,147,111.02833696726515,111.02833696726515,127.03339642379122,90.35169421115565,57.46029560139636,163.0,0.810539686978851,1.385432800569884,46679.30442336844,56979.25098567733,46684.38,57005.0,46669.07519785119,57035.79343447394,0.625,0.412436911874098,12.508775288786778,23.73403717414872,0.12863662646717905,0.416326569871047,0.6962807400907167,0.28717187824042667,-0.6840691600352768,78.57538477190806,27.3421856255597,21.176581543194427,-26.51244175162995,33.93165444668347,78.02777563866687,26.778208538356772,21.171006513617385,-39.426892820821486,44.75144013665007,39.44993895991039,0.2557115832659469,0.44826538320160314,0.7070110263098419,0.22760055987378086,1.7289462710525838,0.6875,0.32191939220766375,WT
50,0,51,Wild_Type_Exo84,114,59.4167768842119,56.190359023265664,56.97016352543746,36.43915580767598,7.1738484690648505,114.0,0.6381988667096159,-0.5188195823947153,52522.762608916935,56585.63482096349,52498.44,56565.62,52516.764721030995,56589.5704839019,0.875,1.3521933942356388,9.530495458123257,14.38810890205289,0.15109939241584114,0.21301232389459646,0.41542884016520304,0.5617401334463605,3.005465376736232,41.62546806351261,16.186836071458632,12.2199925099478,-4.093619019304471,12.88743316639864,36.80179331193196,15.769367980967608,8.308152216557655,-1.0925747699130672,8.379684533521681,17.151476990209115,0.4106837096790656,0.11527196872003317,0.3562969986938564,0.4750418919103846,2.823648166982299,0.75,1.333275030808099,WT
51,0,52,Wild_Type_Exo84,69,79.04013379506237,74.138427391293,75.64409271086808,45.27625666563658,14.54868031193827,69.0,0.7126250082525579,1.2529658582497762,66752.18736741242,64283.15719820822,66760.31,64283.12,66754.43345103413,64297.531453221374,0.5,0.5968367878462193,5.871465951879507,16.590655206800598,0.08689325068840922,0.3354930963469284,0.6215097062758661,0.3709398567089352,0.4236320831703242,53.95490416975771,22.54476247433754,-3.5158006736457446,-13.62389695733861,14.070231792013525,55.693961660951146,21.654833562353918,-10.82392393358017,-25.79629398754919,27.97509808404604,18.79325080321536,0.3470278512459031,0.24150467468867987,0.5850137452260349,0.2945579252336167,1.047504933500637,0.5625,0.5035059904785771,WT
52,0,53,Wild_Type_Exo84,85,90.22953533149442,90.22953533149442,85.96371521706892,52.46463830409524,21.70778312891142,90.0,0.7014342394264093,0.5608998414394107,60283.72086974825,67696.19221275828,60272.19,67721.56,60287.769910726,67674.8653959416,0.625,1.144311784037931,7.232965303039973,32.54317895198183,0.2187004850005583,0.3575923472154786,0.4440446137303312,0.5081254841301893,2.032819758040493,64.69170208206856,22.778791437258334,10.615299173634126,26.788361555591703,28.814942154702667,61.36527271059677,22.168462104317275,9.643066602775136,31.77778661772751,33.208680428878516,24.596002663721436,0.3497077130000723,0.20127728640948822,0.3847381283183233,0.4929663871499358,-2.624560584742885,0.5,1.2813036994921048,WT
53,0,54,Wild_Type_Exo84,71,91.58419498783017,91.58419498783017,92.59597818999019,59.39717607390965,13.392176625197706,78.0,0.6675911895460916,-0.0395710469612024,59603.10968788243,67274.47935692551,59605.0,67251.25,59614.40995817039,67267.29226528984,0.3125,1.552619451567982,6.041653370774565,15.609614332237596,0.11971188040854118,0.2531255283459449,0.3861402313939081,0.5995288342951433,1.4526629827146749,71.48341317231345,30.721233828173794,-22.65144091562408,-11.662792341618093,25.477607830361826,70.18565181229978,28.769752881982722,-37.83597396696467,-0.11645091979621386,37.836153171874514,25.68062807097053,0.41948375035144775,0.27366059582784835,0.29440326422701474,0.5296301189640694,0.5578923038125998,0.3125,1.798995402971045,WT
54,0,55,Wild_Type_Exo84,70,77.29868487053983,75.1801786147744,69.97422497342399,42.845260935372885,16.335113716125228,74.0,0.5937970184705064,0.3871561901458261,67200.6159607447,70358.32540656267,67197.81,70350.31,67187.49393179409,70368.05414216078,0.3125,1.2884724390827471,5.956559661327037,13.103921565646894,0.19784769745368097,0.14201212023404525,0.41986797490006117,0.5409883137122155,-0.5567557365903201,50.4948416832429,23.682189814392316,8.87644733080135,-17.08692307710033,19.254980069042766,44.53349060480904,22.83730113416959,12.496517893336737,-13.195783441672335,18.173928031606128,13.254072834643853,0.1313264211368546,0.09674219808041495,0.47339684872690047,0.5093565223844851,1.2627688992253379,0.3125,1.0759609485240353,WT
55,0,56,Wild_Type_Exo84,70,81.35956153681224,77.02794145303444,70.94642288477883,50.89519758640191,2.7128556029353157,76.0,0.682030050283115,-0.8684382937599427,67158.68437032832,65996.33324381408,67157.81,65966.56,67155.9751290166,65996.4732332324,0.5,0.8973203445912064,5.956559661327037,12.524172456168492,0.10268942431211295,0.26667275881248553,0.5215012240579928,0.467953658076454,3.0166001684252293,52.127974917525954,21.956073169725972,11.710360564139512,-2.513309088555172,11.977030813885714,47.69654377816756,21.29611200738355,13.32443686696193,1.8707422473202113,13.455121492486159,16.268406000969414,0.2922385469464899,0.30632224186784857,0.5185307077368586,0.39606592394174545,2.8125198797925304,0.4375,0.7638234689520819,WT
56,0,57,Wild_Type_Exo84,57,76.58853955089178,67.93716487985338,66.36887370665055,36.274977403709,8.759052503069693,65.0,0.645426707984686,0.4087465032525032,64827.26867674319,77462.4276731812,64809.37,77482.5,64835.90595843238,77460.97221250735,0.4375,1.0925844224539547,4.850341438509158,14.923772660780712,0.09839729162714109,0.09513759060959862,0.4732511445531581,0.5170668284472852,0.5416742725410176,52.97213791316104,21.167578236345737,-25.02663370973221,-0.5848796688526345,25.033467180319665,43.81325804255813,19.387661212535164,-11.639299217388283,6.546836568351769,13.354188680882244,19.966081530815757,0.4549558779621328,0.09374964734707171,0.33590481463949357,0.4571103344682114,0.20844151560935625,0.4375,1.360832934052465,WT
57,0,58,Wild_Type_Exo84,92,91.89971852718844,91.89971852718844,92.52814425830283,61.179274661058535,24.78160824774433,97.0,0.6231052698345774,0.4825825150820164,66864.69839823645,75981.56487661008,66859.38,75968.75,66882.5184156589,75998.7862321435,0.375,1.5031836427336212,7.658433850277618,16.88336886715845,0.1318613778839639,0.21779881587830593,0.3925451414141844,0.5900674356083582,-1.5632606848635466,66.96812330754794,26.304346726430406,-27.693669924466214,-13.625465068369461,30.864099731154333,61.159045794552135,25.44764358871148,-25.78687437128833,-5.688091230532794,26.406765642302183,25.5681567937951,0.3900895770695561,0.14007610346508806,0.35985206285148497,0.4879780590102099,0.09823213963703907,0.5,1.3560518595987707,WT
58,0,59,Wild_Type_Exo84,61,76.87090261198246,72.36925166896879,65.64671393877742,40.818676909095785,12.886542261718688,76.0,0.5747642837917298,1.0311831906502835,77288.31040221742,68220.87254063236,77258.75,68243.75,77297.7213647156,68212.06931643205,0.4375,0.9735117906045239,5.190716276299274,13.831141300702232,0.19895320842222117,0.22715304918942322,0.48665410839238527,0.47376351246611903,2.4724622448666214,49.54921064818979,21.486149087848045,-21.23107356164786,-4.902421806069673,21.78972749129117,42.838418046571995,20.613776456098645,-14.124796578411335,-0.09963764455601543,14.125148000701204,16.48146580334347,0.3255455315100793,0.02965633654012937,0.4572393938659688,0.4367807130478512,0.8774089207345289,0.4375,0.9552560844656472,WT
59,0,60,Wild_Type_Exo84,66,70.10589862407193,70.10589862407193,68.31142488690237,38.36090775246783,11.347351981965678,65.0,0.5324819265506494,-0.32159063640759766,79451.30791336963,62758.363394750595,79443.12,62736.56,79448.4361717468,62747.38543970176,0.5625,0.987365527151816,5.531091114089391,13.471562443440105,0.22084591352027744,0.038442647074300076,0.4786372056300287,0.47258987685136544,1.110630895624578,47.89044017003898,20.450620902159923,-1.418584631556314,16.58281487225993,16.643381010015148,44.545806058548784,19.645382951222118,0.4178886240516822,22.828052953195773,22.831877551704373,15.256628054075088,0.19638994653627373,0.02887359321184226,0.4975170280803596,0.46391396081912,-0.8599795340664069,0.5,0.9324584579729963,WT
60,0,61,Wild_Type_Exo84,109,84.96874804299762,83.73138382638446,83.29931208093318,61.63562629455292,16.371969999105985,111.0,0.6164611960772028,-0.6991048044469498,47686.54413992768,60272.729083362494,47693.75,60259.38,47702.90966264501,60272.2696621612,0.625,0.8671553448039673,8.934839491990553,10.755857234213742,0.12796016657164133,0.14392302616297964,0.5268046916975881,0.45682150407336974,-2.7463222627697363,55.58210792111663,28.261575487537907,-10.824915122378206,-1.5362810280849315,10.933386794765202,49.985627027310564,26.87918511932588,-9.004341884678617,10.009164762403325,13.463341042145299,11.635442164081878,0.05694855344519285,0.12599906476466927,0.5416314335765978,0.4551254286839021,-0.672682473694825,0.375,0.8402862176564168,WT
61,0,62,Wild_Type_Exo84,51,64.71772462229572,60.52380624750386,59.99977580024935,33.02156984106564,5.764098051731064,53.0,0.5179475709858835,-9.326410428804326e-05,46958.23995708743,76020.33183705359,46980.31,75999.69,46958.88591200933,76026.05962620725,0.375,1.2600248405678878,4.254685472376455,9.802519296657756,0.03205171275230579,0.18754839968967046,0.4420184547434562,0.5569542329661875,0.5514282434218669,43.91154712205234,16.95117055977743,-10.639939033204918,-15.728615577091276,18.98940890607804,40.593860440681325,16.629397448918407,-11.807162850158786,-14.391837290377516,18.615425731443015,19.86560583365941,0.34808492191922635,0.33235745056336896,0.3818010191444122,0.4970358679880738,0.8564664270268414,0.5625,1.3018191232226,WT
62,0,63,Wild_Type_Exo84,64,77.08000567597638,65.9702481490401,60.91683654495236,35.36871729501739,14.181629718513305,70.0,0.6745026341189655,-0.06687788147328473,57277.29021013519,62465.23860991218,57281.56,62444.69,57274.16146328294,62479.07080296345,0.5,1.753607976511369,5.4459974046418616,13.276178658117153,0.21379456300280192,0.3008704462485657,0.3465605463706794,0.6077313384597616,-1.3012697284582122,43.55890113881374,18.821851120242922,0.30624018180602164,-13.459277221693775,13.462760726513618,40.12178326696642,18.30984565255178,-4.675685266746072,-12.430582092639009,13.280866081528865,17.1041898482104,0.06711877489322685,0.26457066579734906,0.3648445327395986,0.6306505373172338,-0.33849820445680695,0.5625,1.7285459441634268,WT
63,0,64,Wild_Type_Exo84,105,98.9050995292653,98.9050995292653,103.84942977138111,74.79524075005948,23.933018059982945,109.0,0.729426834498613,-1.5228466783764507,48766.69659231798,83786.28541072443,48767.81,83798.12,48769.195533643615,83810.0876090622,0.5625,0.47333665513126066,8.934839491990553,24.181302853212465,0.10651466662669246,0.3640798219016613,0.6710310385275282,0.3176235872658763,2.623510159130094,78.71653292132581,25.181691743681846,0.9950471216346082,-35.52314397743541,35.53707749401854,74.33848871636758,24.846403189622634,0.0011484908445564134,-34.87280981556914,34.872809834481174,39.532124231808275,0.4651101132649109,0.13730292291606283,0.5490003986283124,0.23467218391038927,1.6896502480470144,0.6875,0.42745357653058547,WT
64,0,65,Wild_Type_Exo84,64,73.5906183180954,73.5906183180954,73.91889055189516,48.1005854870796,14.302058136265313,54.0,0.6785249536671932,-0.22684568436096864,51978.972232137436,58355.055069466485,52003.75,58332.19,51990.64906613773,58346.796715231976,0.3125,1.5553867639238377,5.360903695194332,10.908729812883896,0.02057586907580426,0.21828654095589425,0.3911645187035834,0.608412114908192,1.4835658749739726,51.00224884392112,22.74245161863682,-6.692674744099728,11.318084002106009,13.148799211678545,46.67558907935865,22.106442143029398,-10.091215762628993,13.355990738668067,16.739627360826137,14.140197869747858,0.15680217677988867,0.2976516110872942,0.3379936962464883,0.6374193811106001,-0.7490222312534028,0.4375,1.8858913293038164,WT
65,0,66,Wild_Type_Exo84,67,61.936107701062795,58.410331753622934,56.913563320947986,31.053600863230482,3.541473181738284,70.0,0.5099880237701984,-0.9227266876183389,49316.94411610869,88099.06816552172,49314.06,88070.94,49313.40416351482,88098.96439688424,0.3125,0.9821859656811365,5.701278532984449,6.752849868218913,0.09386225177275545,0.027345883504151562,0.5000488828259595,0.4911409948661885,0.4460976965239232,42.9006140081996,18.13772486733561,-13.299354799739783,8.523163641383663,15.796112070606679,40.78882728521701,17.26403886593354,-13.508503161398693,15.682875171442225,20.698604573848872,13.824365134266454,0.4058003004397859,0.17336962764420985,0.40624116877667127,0.4290849473863081,-0.4346998519276907,0.625,1.0562320620493169,WT
66,0,67,Wild_Type_Exo84,72,90.05905527697733,90.05905527697733,91.1290386302899,54.59054278539237,4.972093586082053,74.0,0.6326469887017371,-0.5666369219565884,60986.73007132116,68719.54642333458,60966.25,68726.88,60982.83885666144,68722.64160719031,0.4375,1.040310868888709,6.126747080222095,13.742202306401044,0.15005988491231198,0.151857641950534,0.4790848521394714,0.4983971788006322,2.2932196225925483,64.74781240660771,31.83992437456797,-11.974396769302905,-5.511781931157305,13.18203011851073,60.31751504920753,30.180717040157568,4.5923156224470105,-14.873132401410551,15.565970262275952,14.058533058067587,0.19795793209217882,0.21867918845732787,0.4355212872660446,0.5252913698557435,1.1767276597727023,0.125,1.2061209984779953,WT
67,0,68,Wild_Type_Exo84,55,71.13725493756765,66.05624428693935,63.15549881014202,40.34812548639822,6.37040175223178,63.0,0.6288248052173272,0.9832091937236359,70926.32561115002,76061.66430809937,70901.25,76038.44,70931.68508630386,76058.2207569439,0.3125,0.8455965675436073,4.595060310166571,15.795178524468714,0.2757881327362435,0.07486010413674614,0.5006191071711698,0.4233217986706864,-2.3230243513270765,43.56528794355455,17.52998830852869,-7.69551386625782,3.2327579851857964,8.346955005063158,41.15271236373658,16.9957074832314,-5.03426364264644,6.438277469148439,8.172834709781926,18.6215432864303,0.2627966493904424,0.06058952147543855,0.48353636390434723,0.4474015571648095,-1.8206181220269864,0.375,0.9252697223270556,WT
68,0,69,Wild_Type_Exo84,55,74.98710422880235,74.98710422880235,75.14342376746234,52.33850108629731,5.014982443741035,62.0,0.581310814312764,0.13470739852000135,75228.74234246247,66813.48432577371,75220.0,66790.0,75224.20863810761,66815.62805470567,0.1875,1.3321450808212867,4.509966600719042,10.047676448367303,0.12594926003377035,0.18516975170343855,0.42198780512847545,0.5621489787684703,-1.0646537724542056,53.93906159676493,23.144280592695427,-12.140465392808984,13.56060083383316,18.201120705290354,55.27117347401839,21.87055295567026,-19.02134798424565,23.917002377981806,30.55870877321477,20.804198394437975,0.4413038611225944,0.1307102023993337,0.3652285199861656,0.4400223821721243,-0.8288208883719673,0.5,1.2047864777613528,WT
69,0,70,Wild_Type_Exo84,122,79.3473128724413,78.1356375454082,81.7328984654418,59.21074963087845,20.646160550162037,115.0,0.6339988800506371,1.4249629742233205,46205.44748022914,62157.87451218744,46194.06,62148.75,46212.457912287995,62138.454991394916,0.75,0.8300671441296406,10.21124513370349,10.925625366536542,0.1646231018466128,0.13827370498118624,0.5316194203361319,0.4412798140022679,-2.9023663058576052,54.04126608246151,26.962874244117064,-3.3599530262105004,3.898595402092422,5.146681498553925,47.50606208282967,26.07084020934223,-5.063446691441223,6.357763785534599,8.127708948388982,10.659571967757385,0.149566052816389,0.1046235023295783,0.5390579902351585,0.4385720056097666,-2.2682933223199617,0.625,0.8135896574289606,WT
70,0,71,Wild_Type_Exo84,91,92.53907972005274,92.53907972005274,105.25413915488193,71.48010267362343,39.73274180046175,87.0,0.7226356505806221,0.5531614942395231,46280.527981121246,85339.03872977747,46248.75,85298.75,46248.12340242192,85316.04668658202,0.4375,1.228618981848338,7.658433850277618,14.270250824872775,0.14879749811338336,0.2278317569304441,0.43877365871854673,0.539085645836651,2.1564886976930477,70.64256430863905,28.17356721623445,24.853227769499508,-10.227860018164076,26.875491644131472,70.57412617751805,26.551105837851498,39.31910198072505,-1.3356752290807337,39.341781973980744,29.44020287509429,0.45873629405457866,0.33354530768479607,0.3309650307052723,0.4585959818117988,2.6569837040163846,0.5625,1.3856327384030585,WT
71,0,72,Wild_Type_Exo84,95,78.13251360519922,78.13251360519922,73.01930780457819,55.77760521909654,13.491777098097035,93.0,0.5386888090205495,-0.6832765329898699,56039.46669569665,86929.86612637831,56019.06,86934.69,56034.91549133746,86942.56709437865,0.5,1.0203948533417142,7.913714978620205,15.32751531424895,0.47474679003519143,0.13031524561792743,0.3833980689814543,0.39121741636982743,-0.9807258972571066,65.00669618122662,25.064484189352303,-14.444672207865434,14.888308726439615,20.743921806795793,54.08845317001731,24.416190060784825,-4.8009928269301705,10.260309708253047,11.327995737706944,27.053623792496737,0.69830355742036,0.37188255884745336,0.24250718269256405,0.26986495900150614,-0.8850687041617118,0.375,1.1128122309829669,WT
72,0,73,Wild_Type_Exo84,50,74.85415533804917,68.8665571768389,67.87463041739949,44.651715777529375,10.77108625756158,58.0,0.6133072593566595,0.027377915598517166,66469.66900450163,84607.31061999132,66480.0,84586.88,66478.86532114989,84601.70311972179,0.4375,1.2434439246129922,3.999404344033867,10.598344159063707,0.15729819998497774,0.09442332239977912,0.43471435393675983,0.540542922344726,0.18027451747300063,43.89440465677513,20.398217620914448,5.74166719451512,-14.586353212491735,15.675727804862493,40.78956848858252,19.544216802629027,-6.157794563743856,-13.191777478891519,14.558208232535447,11.80707447031775,0.3923319942180423,0.1832848237178378,0.40755906181999807,0.4385165444928958,1.4857606406222954,0.5,1.0759582734699942,WT
73,0,74,Wild_Type_Exo84,52,70.12173542724688,61.0322822780102,58.44723798328902,38.788385889760725,21.180372175948275,62.0,0.6930573324617204,-0.30664514674204135,68766.65741403958,80015.31782535429,68811.88,80002.19,68786.95413573014,80009.26379742836,0.5,1.9413056971513631,4.3397791818239835,8.578294487740534,0.15042137218782725,0.30841976610141997,0.3322923597284401,0.645081051060691,2.454153106877299,60.40368583853906,18.12122676224968,-52.60872175162556,7.985570305720426,53.21134218799188,45.843127987134224,17.348601477248984,-36.39590203323828,7.490576925925418,37.15871940065057,29.390317436762025,0.7949931400982932,0.4013463824964199,0.08023190365300717,0.2877540035436482,-0.14543674651164118,0.3125,3.5865284312353833,WT
74,0,75,Wild_Type_Exo84,48,79.00836037232479,74.36192583965277,76.75170829193327,42.96736124964838,15.7874633953798,45.0,0.7153823990714225,-0.24232078642726682,81724.80945182852,89010.24417003439,81692.19,88982.19,81709.05864318027,89009.16898289417,0.375,1.7475642983275963,4.084498053481396,12.697420405724975,0.13049441166255046,0.28430500821701754,0.357760948168953,0.6252102603558919,1.680048311824341,62.83663275099954,22.53608869914691,28.306540617146787,-16.577915016605125,32.80377277094759,57.02793305378613,21.475058183521796,29.88531794109782,-6.615820769133175,30.608843703900302,26.711032411178213,0.5578519078973302,0.18704012316489846,0.2561652672211461,0.43263598163416256,2.5536494072232307,0.3125,1.6888939953778757,WT
75,0,76,Wild_Type_Exo84,153,51.619633976530366,47.145108244464254,45.141407781957554,17.706180241772884,3.2904434583810374,152.0,0.5299832376792187,0.5160521467680879,50651.48942282339,87479.23357677896,50646.25,87435.94,50650.698472062344,87482.42754218992,1.0,1.1856812800646097,12.764056417129362,6.993741017005015,0.04894591377470987,0.13187246130770333,0.4564271591763228,0.5411771383484358,-0.5532806666581521,31.576304356856426,14.65127382218201,0.2510392570087806,-8.047325163733195,8.051239842372913,29.093458757295046,14.155464790964635,-3.6254067150670664,-10.268592226154034,10.889791557081542,8.149566690220245,0.19375179521616312,0.11810102437132222,0.4511498334046243,0.5113104084458897,1.2882421644651634,0.9375,1.133349434238423,WT
76,0,77,Wild_Type_Exo84,29,60.04516483017049,45.295571039060576,39.23193976868471,21.24052627508738,5.025695740443674,37.0,0.5567692424770054,-0.651095694660265,52633.23650028648,72519.68154368995,52598.75,72471.25,52631.15938929768,72515.10516656216,0.25,1.4435023178398296,2.4677175739783435,6.832556890589265,0.18756893759304552,0.22809502859812106,0.39485041066102217,0.5699674829891941,1.789554661105189,29.221099365503147,13.762961906753096,-9.900159949949563,7.6477342264583905,12.51003620430926,24.697052839075337,13.014277756669015,1.8891915740303915,6.445728577070361,6.716878865414273,6.554616068057633,0.3393808388075899,0.09089244360586443,0.34637677839211256,0.5384438678581441,-0.17824968470336042,0.3125,1.5545033658365048,WT
77,0,78,Wild_Type_Exo84,55,75.38716651765225,72.96657244258775,74.1793412405583,50.96175597124252,8.02070052417948,56.0,0.6273219335284349,1.260508536470915,49355.030107602935,81504.46998971622,49339.69,81529.38,49356.21117019921,81512.40325688948,0.3125,0.7094363794917506,4.595060310166571,15.916704713287153,0.05461481212636293,0.22914670254931552,0.5832432457023262,0.4137739765940759,2.052896033886352,51.87014883264839,21.362256827079516,10.728638050795034,-8.430801938334092,13.644856017869332,46.96824259563778,20.71523700897485,12.740980506575445,-2.847059272527968,13.05520320677633,20.04286589483006,0.2583751832526029,0.2693470424468023,0.5599803261741252,0.37326193850505873,2.247795559579639,0.4375,0.666562593466888,WT
78,0,79,Wild_Type_Exo84,57,74.13989561985045,61.59632408416831,56.67056870863568,32.896624345420406,5.719930832910737,70.0,0.5774531999244639,0.8045832146000023,46891.00957252017,88296.77961063424,46879.06,88337.19,46886.38273545861,88300.14264312577,0.375,0.9448985197805494,4.850341438509158,13.335950877913419,0.12893597054614958,0.11996635774111848,0.5056179052520852,0.47775761024723734,-0.6566522355695406,42.42042134804893,19.249448808613657,4.472300529913409,10.128891699288564,11.072304145288845,36.3822055649399,18.08108555864774,6.1903214548967105,0.9783858104030264,6.267161918201293,11.542118125785246,0.26996350509923356,0.02818930558634122,0.49187082682005917,0.435248879094477,-1.5135931202224298,0.4375,0.8848845171573956,WT
79,0,80,Wild_Type_Exo84,73,80.4036042253668,80.4036042253668,80.11383294657578,48.73722461732464,7.3870839353713125,77.0,0.6992918929787737,0.3422253174310106,51710.78405251542,83577.78741568998,51705.31,83594.38,51713.606861053406,83584.61389069734,0.5,1.6833920983914594,6.126747080222095,22.426943782905887,0.06450053637308062,0.3144050262746828,0.37111225057438835,0.6247274302331967,-1.3892153458253949,57.26411187512251,22.910215324828386,-13.12303108852855,-10.759038538847662,16.969704040757343,52.68312052155139,22.38473891586852,-12.147416984513713,-13.254495176059955,17.978914921870253,21.9679307930194,0.25900685596777023,0.23781068140013192,0.3449311314251556,0.5879843171365352,0.3152969503783544,0.5625,1.7046426476704328,WT
80,0,82,Wild_Type_Exo84,94,63.15484422990809,50.97793001296429,46.761445803262276,26.96183674581315,2.284203342965313,105.0,0.5120212613768437,-0.3673008716247742,54601.42212570888,77823.12701143217,54616.56,77825.94,54600.95980555405,77820.89008385479,0.875,0.9902049235179425,7.913714978620205,6.064125178558515,0.13711147257962708,0.1397695093178914,0.493014780785814,0.48818566330123214,0.09030722533656216,33.18464029471082,16.924284517317233,-2.216152222574987,3.0630478057880883,3.7806867807538986,30.1889697891197,16.25136903129135,-5.477699907525916,5.70702633649605,7.910458007117473,6.312351317970716,0.26892578051608745,0.04474754531144205,0.45669890907379324,0.47098001550002,-0.43633138630357526,0.875,1.0312702880223417,WT
81,0,83,Wild_Type_Exo84,53,65.3400545013277,58.536334952249845,55.735035246150005,31.350983391325347,4.502525415127776,75.0,0.5305921204615902,1.3722621127282288,52609.103455586315,64523.72690055801,52637.81,64494.06,52612.80260502529,64521.159990247535,0.5,0.8494723471709136,4.509966600719042,8.267829662527252,0.15216160349822744,0.12875814332692972,0.5281759675483139,0.4486708788725345,1.7830684363919655,42.143493565336314,18.92477913432782,-17.181216862614573,3.6001317045451504,17.55434878228932,39.96540944690538,18.288945919314212,-21.958562651486563,6.207863261973559,22.819203316474955,14.040525159848945,0.3884727856849453,0.14275119845184525,0.41859424772517423,0.43049464705700435,0.06670122583021336,0.5625,1.0284294382842147,WT
82,0,84,Wild_Type_Exo84,68,103.91633367066648,103.91633367066648,118.55604446800555,79.71144680833821,49.61810118712444,73.0,0.7671445315544879,-0.10701192350739917,53817.19095361688,79520.3918081953,53780.31,79508.12,53771.44076731161,79539.59796393893,0.3125,1.694850993124919,5.701278532984449,21.84119161486335,0.05666963233924465,0.36367369901359153,0.36988633334961135,0.6269022194209236,-0.9958936553847214,78.28468186836038,27.421286027352373,23.168581296143845,-36.69982113953686,43.401152414999565,78.16828856272494,26.84624837940564,33.35591008997737,-39.71581527467126,51.86485053350164,32.156788792870955,0.4448645057818573,0.325246227315619,0.2413756390825722,0.5607199324128915,2.3466174261858876,0.5,2.323017909114991,WT
83,0,85,Wild_Type_Exo84,109,72.09062497520358,67.19981479335924,63.85868969389582,47.165115732889,2.122462790962504,116.0,0.651464663984649,0.7019868821943991,76976.94297931339,65702.98386084795,76997.5,65688.75,76975.92980687492,65701.11883272244,0.6875,1.154242253090183,9.190120620333142,9.549108573204782,0.1623762927034597,0.2565166543673801,0.45196121196269246,0.5216727276051879,-2.725962027775628,47.71967407618199,19.699879357696364,13.27630959639353,4.243389194399057,13.937960695684058,49.341077767215936,18.60819460424798,21.03464133737281,13.477368384590045,24.981905346987855,17.029284937027487,0.42895019557842373,0.1575919195723404,0.39651466917326494,0.41948706053996726,-2.731368723942027,0.8125,1.0579357919206365,WT
84,0,86,Wild_Type_Exo84,129,71.10730960096716,68.91778203917202,64.69415906254908,51.11121981106672,15.735611408032582,133.0,0.5421011001716476,-0.961504557881732,81145.57716795175,83431.98022161532,81146.56,83437.19,81160.40688456068,83437.242252752,0.875,1.0158156111131071,10.891994809283723,15.533721233677436,0.39737996222148037,0.2419134331462388,0.4177411668916802,0.42434799873317464,-2.5178502567368595,50.755359929793755,20.20867277963639,7.134893727478708,2.3768170764381953,7.520370198152697,46.39208865770308,19.74925434580123,4.419787401673331,5.119100533737359,6.763113998041169,19.667223667652515,0.47912637688111864,0.3155754576730235,0.3797457386748682,0.390692176301904,-2.621550177727579,0.8125,1.028825702337658,WT
85,0,87,Wild_Type_Exo84,53,79.03687562443972,70.4289159415355,69.95595261517488,56.088392523063064,9.711461439968964,55.0,0.6306639936613803,-0.22480582161087825,52564.43610627579,68392.45290266367,52538.75,68386.56,52574.0773070467,68391.28682762533,0.0,1.387874484319194,4.509966600719042,9.40460081491219,0.20280765380001628,0.1690176409958836,0.40155756169634504,0.5573114938637878,2.926663582617431,55.89364402150108,24.117508320770916,15.04481506131743,-12.528010835118721,19.5779854866147,53.95883467476738,23.443872160797934,21.217546727328816,-13.700846964930056,25.256632726529777,16.732187892574142,0.512493376138945,0.15466095280366765,0.3042967812182253,0.43305375819548053,2.6106766758174693,0.25,1.4231296054522433,WT
86,0,88,Wild_Type_Exo84,85,84.11089700023071,84.11089700023071,83.90691101819993,58.02568047332736,9.87085591206123,91.0,0.639253041701261,-0.958455224514342,66315.8264803584,63022.51494335136,66308.12,63014.69,66316.58562609069,63012.673322844865,0.5,0.7330986523145473,7.062777884144914,14.622024719512462,0.16888789829201495,0.18025029206631576,0.5605433230896013,0.4109335547209046,1.1894782833248316,57.83035248402076,27.09976956807317,1.3136254639493243,-0.8419239098167308,1.5602716845015066,52.003921686379435,26.240152047664687,5.265711303622929,-3.6475689953846278,6.405659615464555,15.841942926663235,0.1827369376205993,0.16648602154088876,0.5501684549673849,0.4164387566616602,1.325218953991242,0.5,0.7569295420369886,WT
87,0,89,Wild_Type_Exo84,64,70.73730409659215,65.4065851756068,62.06760135624852,41.81998936838908,10.962227687838187,72.0,0.6719797316463184,-1.0872554606475062,76157.5779854905,78666.37201528091,76179.69,78629.38,76146.98050754472,78663.56775119406,0.4375,0.6403306653445853,5.360903695194332,14.169104911533202,0.25200604440161023,0.21611156232563977,0.5709171774755085,0.36557577610954506,1.0741043034387452,43.83832938781498,18.024254579701054,15.068557027291384,-2.4436957159096018,15.26542038846908,39.682649579110226,17.599795241001384,13.389452089193798,-1.2812777778458009,13.450617085948794,14.054358843392224,0.2777260163447621,0.20656830940963486,0.582494752653574,0.3403735071916949,1.9834557024282826,0.625,0.5843374650863586,WT
88,0,90,Wild_Type_Exo84,56,72.14869396030376,60.387417975844116,57.56575642542328,33.26674821389098,9.933418299870166,74.0,0.5836927484381803,-1.4146186154809706,53908.901115441426,70452.97096497264,53930.94,70414.69,53903.71100126283,70444.50128292824,0.4375,0.8194598674040106,4.6801540196141,12.687678784626947,0.13161363574949841,0.11297438863203847,0.540093171874615,0.4425846790101835,0.2339464141840369,40.762489372729334,16.783043493572794,5.504182069304454,12.569633059951219,13.72194211887921,38.00154174972754,16.336151259887842,3.313063622660326,14.697394633154508,15.066180656373202,16.380624908707016,0.26329661359031964,0.1268394432667823,0.5615894018038189,0.3690854914680512,-1.4747901396730285,0.6875,0.6572159130541865,WT
